order_id,shipping_method,expected_delivery,actual_delivery,customer_location,warehouse_location
O100000,Same-Day,2024-01-30,2024-01-28,Hyderabad,Bangalore
O100001,Standard,2024-03-03,2024-03-02,Hyderabad,Delhi
O100002,Same-Day,2024-05-20,2024-05-18,Kolkata,Chennai
O100003,Standard,2024-01-13,2024-01-11,Mumbai,Mumbai
O100004,Same-Day,2024-06-04,2024-06-02,Kolkata,Mumbai
O100005,Same-Day,2024-06-16,2024-06-19,Kolkata,Chennai
O100006,Standard,2024-04-29,2024-05-01,Bangalore,Pune
O100007,Standard,2024-02-15,2024-02-18,Chennai,Bangalore
O100008,Express,2024-02-11,2024-02-10,Pune,Bangalore
O100009,Standard,2024-01-29,2024-01-30,Delhi,Bangalore
O100010,Express,2024-06-05,2024-06-05,Pune,Delhi
O100011,Same-Day,2024-04-28,2024-04-30,Delhi,Chennai
O100012,Standard,2024-05-26,2024-05-26,Pune,Hyderabad
O100013,Same-Day,2024-04-03,2024-04-05,Mumbai,Hyderabad
O100014,Standard,2024-01-17,2024-01-20,Mumbai,Pune
O100015,Express,2024-01-23,2024-01-22,Pune,Delhi
O100016,Express,2024-03-14,2024-03-15,Hyderabad,Pune
O100017,Express,2024-02-13,2024-02-13,Bangalore,Mumbai
O100018,Same-Day,2024-03-10,2024-03-13,Hyderabad,Hyderabad
O100019,Standard,2024-06-09,2024-06-12,Mumbai,Kolkata
O100020,Same-Day,2024-03-04,2024-03-03,Chennai,Chennai
O100021,Express,2024-06-14,2024-06-17,Kolkata,Mumbai
O100022,Same-Day,2024-03-25,2024-03-23,Mumbai,Pune
O100023,Standard,2024-03-26,2024-03-27,Bangalore,Delhi
O100024,Standard,2024-05-30,2024-06-02,Bangalore,Mumbai
O100025,Same-Day,2024-05-08,2024-05-09,Hyderabad,Chennai
O100026,Standard,2024-03-13,2024-03-12,Mumbai,Hyderabad
O100027,Same-Day,2024-05-18,2024-05-18,Hyderabad,Kolkata
O100028,Express,2024-05-31,2024-06-01,Bangalore,Mumbai
O100029,Standard,2024-05-15,2024-05-16,Delhi,Pune
O100030,Standard,2024-02-03,2024-02-02,Hyderabad,Mumbai
O100031,Same-Day,2024-04-19,2024-04-21,Delhi,Chennai
O100032,Express,2024-06-03,2024-06-04,Kolkata,Bangalore
O100033,Same-Day,2024-01-04,2024-01-07,Hyderabad,Delhi
O100034,Same-Day,2024-05-18,2024-05-18,Pune,Hyderabad
O100035,Express,2024-01-31,2024-01-31,Chennai,Mumbai
O100036,Express,2024-01-03,2024-01-06,Hyderabad,Bangalore
O100037,Same-Day,2024-02-16,2024-02-18,Delhi,Pune
O100038,Same-Day,2024-03-18,2024-03-21,Kolkata,Kolkata
O100039,Standard,2024-02-14,2024-02-14,Pune,Mumbai
O100040,Same-Day,2024-05-16,2024-05-14,Kolkata,Bangalore
O100041,Express,2024-01-07,2024-01-05,Bangalore,Pune
O100042,Express,2024-03-04,2024-03-02,Mumbai,Kolkata
O100043,Standard,2024-01-27,2024-01-30,Chennai,Pune
O100044,Standard,2024-05-21,2024-05-20,Mumbai,Hyderabad
O100045,Express,2024-05-22,2024-05-21,Bangalore,Kolkata
O100046,Same-Day,2024-04-19,2024-04-18,Kolkata,Pune
O100047,Same-Day,2024-06-26,2024-06-25,Hyderabad,Bangalore
O100048,Express,2024-06-22,2024-06-25,Bangalore,Chennai
O100049,Same-Day,2024-04-26,2024-04-24,Mumbai,Mumbai
O100050,Standard,2024-04-01,2024-03-30,Kolkata,Kolkata
O100051,Standard,2024-06-04,2024-06-03,Delhi,Delhi
O100052,Same-Day,2024-06-11,2024-06-09,Mumbai,Delhi
O100053,Standard,2024-03-30,2024-03-28,Kolkata,Mumbai
O100054,Express,2024-06-22,2024-06-23,Mumbai,Kolkata
O100055,Standard,2024-05-31,2024-06-02,Chennai,Mumbai
O100056,Express,2024-04-16,2024-04-15,Delhi,Delhi
O100057,Same-Day,2024-04-21,2024-04-21,Chennai,Chennai
O100058,Express,2024-01-16,2024-01-19,Hyderabad,Hyderabad
O100059,Standard,2024-01-21,2024-01-22,Hyderabad,Bangalore
O100060,Standard,2024-03-09,2024-03-08,Mumbai,Kolkata
O100061,Express,2024-02-07,2024-02-08,Mumbai,Bangalore
O100062,Express,2024-03-06,2024-03-04,Chennai,Pune
O100063,Same-Day,2024-01-27,2024-01-25,Hyderabad,Kolkata
O100064,Standard,2024-01-29,2024-01-28,Mumbai,Chennai
O100065,Express,2024-05-05,2024-05-04,Pune,Chennai
O100066,Standard,2024-02-17,2024-02-18,Delhi,Chennai
O100067,Express,2024-04-28,2024-04-28,Chennai,Hyderabad
O100068,Same-Day,2024-05-23,2024-05-26,Hyderabad,Chennai
O100069,Standard,2024-02-23,2024-02-23,Mumbai,Delhi
O100070,Same-Day,2024-05-19,2024-05-17,Hyderabad,Bangalore
O100071,Standard,2024-01-18,2024-01-20,Chennai,Kolkata
O100072,Same-Day,2024-02-11,2024-02-09,Kolkata,Delhi
O100073,Standard,2024-01-23,2024-01-25,Delhi,Hyderabad
O100074,Standard,2024-04-18,2024-04-16,Kolkata,Mumbai
O100075,Same-Day,2024-06-02,2024-05-31,Kolkata,Delhi
O100076,Express,2024-06-19,2024-06-21,Kolkata,Kolkata
O100077,Express,2024-03-09,2024-03-08,Hyderabad,Hyderabad
O100078,Express,2024-03-04,2024-03-04,Chennai,Mumbai
O100079,Same-Day,2024-06-15,2024-06-15,Chennai,Bangalore
O100080,Standard,2024-01-08,2024-01-09,Kolkata,Kolkata
O100081,Standard,2024-01-24,2024-01-26,Mumbai,Kolkata
O100082,Express,2024-02-05,2024-02-05,Delhi,Mumbai
O100083,Express,2024-03-15,2024-03-14,Chennai,Pune
O100084,Same-Day,2024-06-30,2024-06-30,Kolkata,Pune
O100085,Same-Day,2024-05-16,2024-05-14,Hyderabad,Pune
O100086,Same-Day,2024-03-18,2024-03-21,Delhi,Mumbai
O100087,Express,2024-02-01,2024-01-30,Hyderabad,Kolkata
O100088,Standard,2024-03-15,2024-03-15,Kolkata,Mumbai
O100089,Same-Day,2024-03-29,2024-03-28,Hyderabad,Hyderabad
O100090,Express,2024-05-11,2024-05-12,Bangalore,Pune
O100091,Standard,2024-01-29,2024-02-01,Chennai,Pune
O100092,Express,2024-01-14,2024-01-12,Bangalore,Pune
O100093,Standard,2024-06-17,2024-06-17,Mumbai,Hyderabad
O100094,Express,2024-05-23,2024-05-26,Chennai,Kolkata
O100095,Standard,2024-02-03,2024-02-01,Hyderabad,Mumbai
O100096,Same-Day,2024-01-11,2024-01-11,Kolkata,Kolkata
O100097,Standard,2024-04-25,2024-04-24,Delhi,Bangalore
O100098,Express,2024-01-13,2024-01-13,Mumbai,Hyderabad
O100099,Standard,2024-06-24,2024-06-22,Bangalore,Pune
O100100,Same-Day,2024-04-15,2024-04-17,Hyderabad,Mumbai
O100101,Standard,2024-02-16,2024-02-15,Chennai,Delhi
O100102,Standard,2024-03-31,2024-04-01,Pune,Hyderabad
O100103,Same-Day,2024-03-05,2024-03-05,Mumbai,Pune
O100104,Same-Day,2024-01-29,2024-01-30,Pune,Delhi
O100105,Express,2024-02-28,2024-02-27,Pune,Chennai
O100106,Express,2024-03-21,2024-03-20,Mumbai,Delhi
O100107,Same-Day,2024-02-20,2024-02-21,Bangalore,Bangalore
O100108,Standard,2024-03-17,2024-03-17,Hyderabad,Kolkata
O100109,Express,2024-06-24,2024-06-26,Bangalore,Delhi
O100110,Standard,2024-03-12,2024-03-11,Kolkata,Bangalore
O100111,Standard,2024-02-02,2024-02-04,Chennai,Bangalore
O100112,Same-Day,2024-03-22,2024-03-23,Kolkata,Kolkata
O100113,Standard,2024-04-13,2024-04-15,Mumbai,Bangalore
O100114,Standard,2024-04-26,2024-04-24,Kolkata,Pune
O100115,Same-Day,2024-06-25,2024-06-28,Hyderabad,Hyderabad
O100116,Same-Day,2024-02-21,2024-02-21,Chennai,Delhi
O100117,Same-Day,2024-03-26,2024-03-28,Bangalore,Hyderabad
O100118,Standard,2024-03-22,2024-03-24,Bangalore,Hyderabad
O100119,Express,2024-03-26,2024-03-27,Hyderabad,Bangalore
O100120,Same-Day,2024-02-03,2024-02-02,Chennai,Hyderabad
O100121,Express,2024-06-24,2024-06-27,Mumbai,Kolkata
O100122,Same-Day,2024-03-19,2024-03-20,Kolkata,Pune
O100123,Standard,2024-03-23,2024-03-23,Mumbai,Chennai
O100124,Same-Day,2024-06-05,2024-06-08,Bangalore,Chennai
O100125,Express,2024-04-25,2024-04-28,Mumbai,Kolkata
O100126,Express,2024-02-15,2024-02-18,Delhi,Bangalore
O100127,Same-Day,2024-06-19,2024-06-22,Kolkata,Bangalore
O100128,Standard,2024-03-06,2024-03-09,Bangalore,Mumbai
O100129,Standard,2024-02-12,2024-02-10,Delhi,Mumbai
O100130,Express,2024-06-07,2024-06-05,Chennai,Chennai
O100131,Same-Day,2024-05-28,2024-05-27,Hyderabad,Hyderabad
O100132,Express,2024-05-08,2024-05-09,Mumbai,Mumbai
O100133,Same-Day,2024-06-26,2024-06-24,Pune,Pune
O100134,Standard,2024-04-23,2024-04-22,Mumbai,Pune
O100135,Same-Day,2024-05-13,2024-05-14,Delhi,Kolkata
O100136,Standard,2024-02-06,2024-02-07,Mumbai,Pune
O100137,Express,2024-06-21,2024-06-23,Kolkata,Kolkata
O100138,Express,2024-04-25,2024-04-27,Pune,Hyderabad
O100139,Same-Day,2024-04-20,2024-04-22,Chennai,Mumbai
O100140,Same-Day,2024-05-02,2024-05-03,Bangalore,Pune
O100141,Standard,2024-06-17,2024-06-17,Pune,Pune
O100142,Same-Day,2024-05-05,2024-05-08,Mumbai,Bangalore
O100143,Express,2024-01-22,2024-01-25,Bangalore,Mumbai
O100144,Express,2024-03-28,2024-03-28,Kolkata,Delhi
O100145,Standard,2024-02-13,2024-02-12,Chennai,Hyderabad
O100146,Standard,2024-07-04,2024-07-03,Delhi,Chennai
O100147,Express,2024-03-27,2024-03-29,Chennai,Chennai
O100148,Standard,2024-02-27,2024-02-28,Chennai,Pune
O100149,Same-Day,2024-06-28,2024-06-26,Pune,Pune
O100150,Same-Day,2024-04-08,2024-04-09,Delhi,Bangalore
O100151,Express,2024-04-11,2024-04-12,Kolkata,Hyderabad
O100152,Same-Day,2024-05-20,2024-05-22,Mumbai,Chennai
O100153,Standard,2024-03-15,2024-03-16,Chennai,Delhi
O100154,Express,2024-03-29,2024-04-01,Hyderabad,Pune
O100155,Express,2024-02-14,2024-02-15,Mumbai,Kolkata
O100156,Same-Day,2024-01-08,2024-01-09,Kolkata,Kolkata
O100157,Same-Day,2024-01-08,2024-01-06,Hyderabad,Chennai
O100158,Standard,2024-05-03,2024-05-02,Delhi,Bangalore
O100159,Express,2024-03-26,2024-03-25,Chennai,Bangalore
O100160,Express,2024-04-09,2024-04-09,Pune,Pune
O100161,Express,2024-03-07,2024-03-05,Chennai,Delhi
O100162,Same-Day,2024-05-19,2024-05-17,Bangalore,Mumbai
O100163,Same-Day,2024-01-19,2024-01-22,Delhi,Pune
O100164,Standard,2024-03-09,2024-03-08,Pune,Delhi
O100165,Same-Day,2024-02-10,2024-02-09,Mumbai,Chennai
O100166,Same-Day,2024-01-31,2024-02-02,Mumbai,Chennai
O100167,Same-Day,2024-03-07,2024-03-07,Mumbai,Kolkata
O100168,Same-Day,2024-01-31,2024-01-30,Bangalore,Delhi
O100169,Same-Day,2024-01-08,2024-01-08,Kolkata,Hyderabad
O100170,Express,2024-04-13,2024-04-16,Mumbai,Delhi
O100171,Same-Day,2024-06-26,2024-06-29,Mumbai,Delhi
O100172,Same-Day,2024-03-19,2024-03-22,Kolkata,Pune
O100173,Standard,2024-05-29,2024-05-27,Bangalore,Kolkata
O100174,Express,2024-06-20,2024-06-20,Delhi,Kolkata
O100175,Same-Day,2024-03-29,2024-03-27,Pune,Chennai
O100176,Express,2024-01-30,2024-01-31,Bangalore,Hyderabad
O100177,Express,2024-02-11,2024-02-12,Mumbai,Hyderabad
O100178,Same-Day,2024-06-16,2024-06-16,Kolkata,Pune
O100179,Same-Day,2024-05-04,2024-05-05,Chennai,Pune
O100180,Same-Day,2024-06-01,2024-06-01,Bangalore,Pune
O100181,Standard,2024-01-28,2024-01-28,Chennai,Mumbai
O100182,Express,2024-05-27,2024-05-29,Hyderabad,Chennai
O100183,Express,2024-01-10,2024-01-11,Pune,Bangalore
O100184,Standard,2024-05-09,2024-05-08,Bangalore,Pune
O100185,Express,2024-03-30,2024-03-30,Kolkata,Hyderabad
O100186,Express,2024-05-24,2024-05-22,Kolkata,Mumbai
O100187,Standard,2024-03-07,2024-03-10,Chennai,Chennai
O100188,Same-Day,2024-03-03,2024-03-06,Chennai,Hyderabad
O100189,Same-Day,2024-05-06,2024-05-07,Pune,Delhi
O100190,Standard,2024-03-21,2024-03-20,Chennai,Hyderabad
O100191,Standard,2024-03-24,2024-03-27,Kolkata,Bangalore
O100192,Express,2024-05-23,2024-05-25,Bangalore,Chennai
O100193,Same-Day,2024-05-21,2024-05-21,Bangalore,Hyderabad
O100194,Express,2024-03-12,2024-03-12,Bangalore,Mumbai
O100195,Standard,2024-02-24,2024-02-24,Delhi,Hyderabad
O100196,Same-Day,2024-06-26,2024-06-25,Mumbai,Mumbai
O100197,Same-Day,2024-05-04,2024-05-04,Hyderabad,Kolkata
O100198,Same-Day,2024-06-02,2024-06-02,Delhi,Pune
O100199,Standard,2024-03-21,2024-03-20,Bangalore,Mumbai
O100200,Express,2024-01-06,2024-01-09,Kolkata,Mumbai
O100201,Express,2024-01-14,2024-01-12,Kolkata,Bangalore
O100202,Same-Day,2024-02-03,2024-02-06,Pune,Pune
O100203,Express,2024-01-29,2024-01-27,Kolkata,Bangalore
O100204,Express,2024-05-04,2024-05-05,Bangalore,Mumbai
O100205,Standard,2024-03-10,2024-03-11,Delhi,Pune
O100206,Standard,2024-04-17,2024-04-18,Delhi,Kolkata
O100207,Same-Day,2024-06-25,2024-06-23,Mumbai,Mumbai
O100208,Same-Day,2024-03-19,2024-03-17,Mumbai,Delhi
O100209,Same-Day,2024-04-17,2024-04-19,Kolkata,Pune
O100210,Same-Day,2024-02-28,2024-03-01,Chennai,Chennai
O100211,Express,2024-03-19,2024-03-21,Chennai,Bangalore
O100212,Same-Day,2024-06-08,2024-06-06,Kolkata,Hyderabad
O100213,Standard,2024-02-28,2024-03-02,Mumbai,Bangalore
O100214,Same-Day,2024-01-22,2024-01-21,Mumbai,Mumbai
O100215,Same-Day,2024-01-21,2024-01-20,Delhi,Chennai
O100216,Express,2024-06-27,2024-06-29,Chennai,Bangalore
O100217,Standard,2024-03-05,2024-03-05,Hyderabad,Bangalore
O100218,Same-Day,2024-04-27,2024-04-25,Hyderabad,Mumbai
O100219,Express,2024-06-11,2024-06-13,Hyderabad,Pune
O100220,Standard,2024-04-23,2024-04-21,Kolkata,Mumbai
O100221,Same-Day,2024-02-09,2024-02-09,Pune,Mumbai
O100222,Standard,2024-01-21,2024-01-20,Pune,Bangalore
O100223,Same-Day,2024-05-26,2024-05-26,Chennai,Delhi
O100224,Express,2024-06-27,2024-06-27,Hyderabad,Chennai
O100225,Express,2024-05-10,2024-05-12,Chennai,Chennai
O100226,Standard,2024-06-07,2024-06-05,Chennai,Hyderabad
O100227,Express,2024-06-05,2024-06-05,Delhi,Delhi
O100228,Standard,2024-06-26,2024-06-28,Kolkata,Delhi
O100229,Same-Day,2024-03-10,2024-03-12,Delhi,Pune
O100230,Standard,2024-05-05,2024-05-07,Hyderabad,Chennai
O100231,Express,2024-02-18,2024-02-20,Chennai,Hyderabad
O100232,Express,2024-01-26,2024-01-27,Bangalore,Chennai
O100233,Express,2024-03-25,2024-03-28,Delhi,Pune
O100234,Standard,2024-03-30,2024-03-31,Hyderabad,Chennai
O100235,Express,2024-06-20,2024-06-21,Pune,Pune
O100236,Same-Day,2024-01-11,2024-01-12,Delhi,Bangalore
O100237,Express,2024-03-25,2024-03-23,Pune,Chennai
O100238,Same-Day,2024-01-02,2024-01-05,Pune,Kolkata
O100239,Express,2024-04-17,2024-04-15,Mumbai,Kolkata
O100240,Express,2024-06-10,2024-06-11,Hyderabad,Chennai
O100241,Standard,2024-02-27,2024-02-27,Kolkata,Mumbai
O100242,Express,2024-04-24,2024-04-27,Chennai,Delhi
O100243,Standard,2024-06-15,2024-06-17,Pune,Mumbai
O100244,Same-Day,2024-02-11,2024-02-11,Kolkata,Delhi
O100245,Same-Day,2024-04-15,2024-04-13,Mumbai,Pune
O100246,Standard,2024-05-03,2024-05-01,Hyderabad,Pune
O100247,Standard,2024-05-12,2024-05-15,Bangalore,Kolkata
O100248,Same-Day,2024-03-11,2024-03-12,Pune,Chennai
O100249,Express,2024-03-05,2024-03-06,Kolkata,Mumbai
O100250,Express,2024-02-20,2024-02-22,Kolkata,Hyderabad
O100251,Standard,2024-01-23,2024-01-23,Pune,Pune
O100252,Express,2024-03-30,2024-04-01,Bangalore,Pune
O100253,Standard,2024-03-18,2024-03-21,Bangalore,Pune
O100254,Same-Day,2024-05-29,2024-06-01,Chennai,Pune
O100255,Standard,2024-04-29,2024-05-01,Chennai,Bangalore
O100256,Express,2024-05-23,2024-05-25,Chennai,Chennai
O100257,Express,2024-02-20,2024-02-23,Mumbai,Kolkata
O100258,Express,2024-03-02,2024-03-03,Delhi,Bangalore
O100259,Same-Day,2024-05-02,2024-05-05,Pune,Chennai
O100260,Express,2024-06-20,2024-06-23,Mumbai,Chennai
O100261,Standard,2024-02-07,2024-02-09,Kolkata,Bangalore
O100262,Standard,2024-04-27,2024-04-25,Kolkata,Chennai
O100263,Standard,2024-02-11,2024-02-12,Pune,Hyderabad
O100264,Standard,2024-01-25,2024-01-26,Pune,Bangalore
O100265,Express,2024-06-10,2024-06-13,Chennai,Hyderabad
O100266,Standard,2024-03-30,2024-04-02,Pune,Kolkata
O100267,Express,2024-03-24,2024-03-27,Hyderabad,Pune
O100268,Express,2024-05-20,2024-05-18,Kolkata,Delhi
O100269,Standard,2024-06-15,2024-06-18,Bangalore,Mumbai
O100270,Same-Day,2024-01-25,2024-01-26,Delhi,Pune
O100271,Same-Day,2024-06-30,2024-06-28,Chennai,Mumbai
O100272,Same-Day,2024-03-18,2024-03-16,Delhi,Bangalore
O100273,Standard,2024-03-21,2024-03-21,Bangalore,Chennai
O100274,Standard,2024-03-08,2024-03-10,Chennai,Kolkata
O100275,Same-Day,2024-02-17,2024-02-16,Mumbai,Delhi
O100276,Same-Day,2024-04-08,2024-04-10,Hyderabad,Mumbai
O100277,Express,2024-05-31,2024-05-30,Mumbai,Chennai
O100278,Same-Day,2024-03-07,2024-03-08,Bangalore,Hyderabad
O100279,Standard,2024-05-04,2024-05-04,Hyderabad,Kolkata
O100280,Standard,2024-01-24,2024-01-25,Bangalore,Kolkata
O100281,Express,2024-06-14,2024-06-15,Hyderabad,Bangalore
O100282,Express,2024-03-20,2024-03-19,Chennai,Pune
O100283,Express,2024-01-30,2024-01-29,Chennai,Kolkata
O100284,Express,2024-05-29,2024-05-29,Hyderabad,Bangalore
O100285,Standard,2024-06-22,2024-06-23,Bangalore,Delhi
O100286,Same-Day,2024-06-25,2024-06-28,Delhi,Kolkata
O100287,Same-Day,2024-05-08,2024-05-08,Pune,Pune
O100288,Standard,2024-06-09,2024-06-09,Mumbai,Hyderabad
O100289,Standard,2024-06-12,2024-06-12,Hyderabad,Pune
O100290,Same-Day,2024-06-18,2024-06-21,Pune,Mumbai
O100291,Same-Day,2024-01-26,2024-01-29,Hyderabad,Delhi
O100292,Express,2024-04-24,2024-04-22,Kolkata,Bangalore
O100293,Same-Day,2024-02-04,2024-02-02,Bangalore,Bangalore
O100294,Same-Day,2024-04-17,2024-04-16,Mumbai,Mumbai
O100295,Same-Day,2024-04-04,2024-04-06,Kolkata,Bangalore
O100296,Standard,2024-03-11,2024-03-12,Pune,Bangalore
O100297,Same-Day,2024-03-28,2024-03-26,Chennai,Delhi
O100298,Standard,2024-03-03,2024-03-06,Hyderabad,Hyderabad
O100299,Express,2024-05-24,2024-05-24,Delhi,Pune
O100300,Express,2024-01-06,2024-01-06,Kolkata,Delhi
O100301,Express,2024-04-06,2024-04-09,Hyderabad,Hyderabad
O100302,Express,2024-05-31,2024-06-01,Pune,Hyderabad
O100303,Express,2024-01-30,2024-02-02,Mumbai,Chennai
O100304,Standard,2024-06-12,2024-06-14,Bangalore,Kolkata
O100305,Standard,2024-06-19,2024-06-17,Hyderabad,Pune
O100306,Express,2024-06-30,2024-06-30,Hyderabad,Chennai
O100307,Standard,2024-02-10,2024-02-08,Delhi,Bangalore
O100308,Express,2024-02-01,2024-01-30,Mumbai,Kolkata
O100309,Standard,2024-04-14,2024-04-15,Bangalore,Hyderabad
O100310,Same-Day,2024-06-28,2024-06-30,Chennai,Kolkata
O100311,Same-Day,2024-02-10,2024-02-11,Hyderabad,Delhi
O100312,Express,2024-06-08,2024-06-09,Bangalore,Delhi
O100313,Same-Day,2024-04-05,2024-04-04,Chennai,Chennai
O100314,Standard,2024-04-07,2024-04-05,Hyderabad,Bangalore
O100315,Same-Day,2024-06-15,2024-06-15,Delhi,Chennai
O100316,Express,2024-02-20,2024-02-18,Pune,Pune
O100317,Express,2024-01-26,2024-01-29,Mumbai,Hyderabad
O100318,Same-Day,2024-06-02,2024-05-31,Delhi,Pune
O100319,Express,2024-03-05,2024-03-04,Pune,Kolkata
O100320,Standard,2024-01-23,2024-01-25,Mumbai,Kolkata
O100321,Standard,2024-03-05,2024-03-05,Pune,Mumbai
O100322,Same-Day,2024-01-02,2024-01-02,Pune,Mumbai
O100323,Standard,2024-05-23,2024-05-23,Pune,Mumbai
O100324,Standard,2024-06-23,2024-06-21,Mumbai,Delhi
O100325,Express,2024-03-03,2024-03-05,Bangalore,Delhi
O100326,Standard,2024-03-13,2024-03-11,Mumbai,Hyderabad
O100327,Express,2024-05-16,2024-05-14,Hyderabad,Delhi
O100328,Express,2024-04-26,2024-04-26,Kolkata,Kolkata
O100329,Standard,2024-04-30,2024-05-02,Mumbai,Kolkata
O100330,Standard,2024-06-22,2024-06-24,Bangalore,Chennai
O100331,Same-Day,2024-01-09,2024-01-07,Chennai,Pune
O100332,Express,2024-04-21,2024-04-24,Delhi,Chennai
O100333,Same-Day,2024-04-24,2024-04-22,Delhi,Bangalore
O100334,Same-Day,2024-02-08,2024-02-06,Mumbai,Bangalore
O100335,Same-Day,2024-06-12,2024-06-14,Kolkata,Hyderabad
O100336,Express,2024-04-09,2024-04-11,Kolkata,Bangalore
O100337,Express,2024-05-11,2024-05-13,Chennai,Delhi
O100338,Same-Day,2024-01-31,2024-02-03,Hyderabad,Pune
O100339,Same-Day,2024-02-26,2024-02-27,Chennai,Mumbai
O100340,Express,2024-03-29,2024-03-30,Chennai,Chennai
O100341,Same-Day,2024-01-26,2024-01-26,Chennai,Bangalore
O100342,Same-Day,2024-03-07,2024-03-07,Mumbai,Hyderabad
O100343,Express,2024-01-20,2024-01-18,Pune,Delhi
O100344,Standard,2024-04-25,2024-04-23,Hyderabad,Hyderabad
O100345,Express,2024-02-05,2024-02-07,Delhi,Kolkata
O100346,Same-Day,2024-05-24,2024-05-24,Hyderabad,Delhi
O100347,Express,2024-04-02,2024-04-05,Pune,Chennai
O100348,Same-Day,2024-01-15,2024-01-15,Kolkata,Bangalore
O100349,Express,2024-01-29,2024-01-31,Kolkata,Mumbai
O100350,Standard,2024-06-22,2024-06-23,Mumbai,Pune
O100351,Standard,2024-04-04,2024-04-06,Bangalore,Delhi
O100352,Express,2024-05-28,2024-05-27,Pune,Chennai
O100353,Same-Day,2024-06-09,2024-06-11,Hyderabad,Hyderabad
O100354,Same-Day,2024-01-08,2024-01-10,Hyderabad,Pune
O100355,Same-Day,2024-03-10,2024-03-08,Mumbai,Bangalore
O100356,Same-Day,2024-03-21,2024-03-21,Bangalore,Delhi
O100357,Standard,2024-02-11,2024-02-13,Hyderabad,Chennai
O100358,Standard,2024-02-11,2024-02-14,Hyderabad,Delhi
O100359,Standard,2024-05-20,2024-05-19,Chennai,Chennai
O100360,Express,2024-03-30,2024-03-29,Bangalore,Bangalore
O100361,Same-Day,2024-03-25,2024-03-27,Kolkata,Delhi
O100362,Standard,2024-02-14,2024-02-13,Pune,Kolkata
O100363,Standard,2024-06-26,2024-06-24,Bangalore,Chennai
O100364,Same-Day,2024-04-19,2024-04-20,Kolkata,Chennai
O100365,Express,2024-03-12,2024-03-11,Pune,Kolkata
O100366,Standard,2024-04-03,2024-04-04,Delhi,Bangalore
O100367,Same-Day,2024-06-23,2024-06-25,Chennai,Kolkata
O100368,Same-Day,2024-03-20,2024-03-18,Mumbai,Chennai
O100369,Same-Day,2024-01-16,2024-01-14,Mumbai,Bangalore
O100370,Standard,2024-02-10,2024-02-10,Bangalore,Bangalore
O100371,Standard,2024-01-07,2024-01-08,Hyderabad,Chennai
O100372,Standard,2024-02-08,2024-02-09,Kolkata,Hyderabad
O100373,Standard,2024-05-13,2024-05-15,Pune,Hyderabad
O100374,Express,2024-01-21,2024-01-22,Pune,Hyderabad
O100375,Standard,2024-04-26,2024-04-24,Chennai,Delhi
O100376,Express,2024-05-29,2024-05-30,Kolkata,Chennai
O100377,Same-Day,2024-06-13,2024-06-14,Bangalore,Delhi
O100378,Express,2024-01-08,2024-01-08,Mumbai,Pune
O100379,Same-Day,2024-04-28,2024-05-01,Bangalore,Delhi
O100380,Express,2024-01-30,2024-01-29,Chennai,Kolkata
O100381,Express,2024-05-16,2024-05-14,Chennai,Pune
O100382,Express,2024-03-29,2024-03-28,Bangalore,Pune
O100383,Standard,2024-01-25,2024-01-27,Hyderabad,Delhi
O100384,Same-Day,2024-05-11,2024-05-10,Pune,Bangalore
O100385,Express,2024-06-16,2024-06-15,Mumbai,Delhi
O100386,Standard,2024-03-11,2024-03-10,Mumbai,Kolkata
O100387,Standard,2024-06-21,2024-06-19,Mumbai,Pune
O100388,Same-Day,2024-05-07,2024-05-08,Pune,Kolkata
O100389,Same-Day,2024-04-25,2024-04-28,Kolkata,Hyderabad
O100390,Same-Day,2024-06-09,2024-06-09,Pune,Hyderabad
O100391,Express,2024-02-10,2024-02-11,Delhi,Chennai
O100392,Express,2024-06-12,2024-06-12,Pune,Bangalore
O100393,Same-Day,2024-01-16,2024-01-16,Kolkata,Delhi
O100394,Express,2024-04-30,2024-05-01,Delhi,Delhi
O100395,Express,2024-03-16,2024-03-14,Hyderabad,Pune
O100396,Standard,2024-06-11,2024-06-13,Kolkata,Chennai
O100397,Express,2024-05-30,2024-06-01,Pune,Hyderabad
O100398,Standard,2024-04-30,2024-05-02,Hyderabad,Mumbai
O100399,Express,2024-06-05,2024-06-06,Kolkata,Mumbai
O100400,Standard,2024-04-30,2024-04-28,Pune,Pune
O100401,Express,2024-01-24,2024-01-26,Hyderabad,Mumbai
O100402,Standard,2024-03-09,2024-03-12,Chennai,Chennai
O100403,Same-Day,2024-05-14,2024-05-16,Mumbai,Bangalore
O100404,Express,2024-03-15,2024-03-16,Chennai,Pune
O100405,Express,2024-06-24,2024-06-26,Delhi,Pune
O100406,Same-Day,2024-06-15,2024-06-15,Delhi,Bangalore
O100407,Standard,2024-05-27,2024-05-30,Chennai,Bangalore
O100408,Express,2024-06-19,2024-06-21,Pune,Mumbai
O100409,Express,2024-01-23,2024-01-25,Hyderabad,Mumbai
O100410,Express,2024-03-22,2024-03-25,Hyderabad,Hyderabad
O100411,Express,2024-02-05,2024-02-07,Hyderabad,Delhi
O100412,Express,2024-05-25,2024-05-26,Hyderabad,Pune
O100413,Express,2024-02-04,2024-02-07,Hyderabad,Pune
O100414,Same-Day,2024-06-25,2024-06-27,Delhi,Hyderabad
O100415,Same-Day,2024-04-19,2024-04-21,Bangalore,Delhi
O100416,Express,2024-03-22,2024-03-21,Mumbai,Bangalore
O100417,Express,2024-02-21,2024-02-20,Mumbai,Mumbai
O100418,Standard,2024-03-21,2024-03-19,Kolkata,Pune
O100419,Same-Day,2024-05-15,2024-05-13,Hyderabad,Bangalore
O100420,Same-Day,2024-02-04,2024-02-06,Chennai,Mumbai
O100421,Standard,2024-02-21,2024-02-24,Pune,Kolkata
O100422,Standard,2024-04-27,2024-04-25,Chennai,Bangalore
O100423,Same-Day,2024-03-02,2024-03-03,Kolkata,Bangalore
O100424,Same-Day,2024-04-25,2024-04-24,Kolkata,Mumbai
O100425,Express,2024-05-02,2024-05-01,Bangalore,Hyderabad
O100426,Same-Day,2024-04-23,2024-04-24,Pune,Bangalore
O100427,Express,2024-05-10,2024-05-12,Chennai,Mumbai
O100428,Standard,2024-06-08,2024-06-07,Pune,Bangalore
O100429,Standard,2024-06-18,2024-06-19,Pune,Bangalore
O100430,Same-Day,2024-01-28,2024-01-31,Pune,Kolkata
O100431,Standard,2024-03-18,2024-03-16,Pune,Mumbai
O100432,Express,2024-04-27,2024-04-29,Mumbai,Pune
O100433,Express,2024-01-26,2024-01-25,Pune,Chennai
O100434,Express,2024-01-09,2024-01-10,Delhi,Chennai
O100435,Same-Day,2024-04-06,2024-04-05,Chennai,Delhi
O100436,Express,2024-02-29,2024-02-27,Bangalore,Delhi
O100437,Same-Day,2024-06-16,2024-06-16,Pune,Mumbai
O100438,Standard,2024-01-15,2024-01-15,Pune,Chennai
O100439,Same-Day,2024-02-06,2024-02-09,Chennai,Chennai
O100440,Same-Day,2024-01-03,2024-01-01,Delhi,Bangalore
O100441,Standard,2024-02-13,2024-02-15,Hyderabad,Kolkata
O100442,Same-Day,2024-04-19,2024-04-17,Pune,Bangalore
O100443,Standard,2024-03-23,2024-03-21,Delhi,Mumbai
O100444,Express,2024-06-14,2024-06-16,Chennai,Delhi
O100445,Standard,2024-05-12,2024-05-14,Kolkata,Delhi
O100446,Same-Day,2024-05-12,2024-05-14,Mumbai,Hyderabad
O100447,Standard,2024-03-20,2024-03-21,Delhi,Kolkata
O100448,Express,2024-03-04,2024-03-06,Chennai,Mumbai
O100449,Same-Day,2024-06-21,2024-06-19,Kolkata,Bangalore
O100450,Standard,2024-05-19,2024-05-21,Kolkata,Pune
O100451,Same-Day,2024-05-22,2024-05-20,Chennai,Pune
O100452,Express,2024-01-14,2024-01-17,Chennai,Bangalore
O100453,Express,2024-01-07,2024-01-07,Pune,Delhi
O100454,Express,2024-03-04,2024-03-07,Hyderabad,Hyderabad
O100455,Standard,2024-06-02,2024-06-05,Pune,Bangalore
O100456,Standard,2024-01-17,2024-01-17,Kolkata,Bangalore
O100457,Same-Day,2024-02-15,2024-02-18,Chennai,Hyderabad
O100458,Express,2024-06-12,2024-06-11,Pune,Mumbai
O100459,Standard,2024-05-02,2024-04-30,Bangalore,Mumbai
O100460,Standard,2024-02-26,2024-02-24,Bangalore,Bangalore
O100461,Same-Day,2024-04-12,2024-04-14,Chennai,Bangalore
O100462,Standard,2024-06-19,2024-06-18,Bangalore,Bangalore
O100463,Standard,2024-06-21,2024-06-21,Bangalore,Delhi
O100464,Express,2024-04-23,2024-04-24,Hyderabad,Chennai
O100465,Express,2024-03-29,2024-03-28,Chennai,Hyderabad
O100466,Express,2024-04-06,2024-04-08,Bangalore,Pune
O100467,Standard,2024-04-23,2024-04-21,Chennai,Kolkata
O100468,Standard,2024-05-24,2024-05-24,Bangalore,Delhi
O100469,Standard,2024-03-29,2024-04-01,Bangalore,Bangalore
O100470,Express,2024-06-05,2024-06-08,Chennai,Mumbai
O100471,Same-Day,2024-04-24,2024-04-24,Chennai,Delhi
O100472,Same-Day,2024-04-01,2024-04-03,Chennai,Bangalore
O100473,Same-Day,2024-01-16,2024-01-14,Hyderabad,Hyderabad
O100474,Express,2024-04-05,2024-04-07,Pune,Hyderabad
O100475,Same-Day,2024-02-11,2024-02-09,Mumbai,Pune
O100476,Same-Day,2024-06-23,2024-06-24,Delhi,Mumbai
O100477,Standard,2024-03-06,2024-03-09,Bangalore,Bangalore
O100478,Express,2024-05-27,2024-05-25,Kolkata,Mumbai
O100479,Same-Day,2024-04-26,2024-04-26,Bangalore,Chennai
O100480,Standard,2024-05-31,2024-05-30,Kolkata,Bangalore
O100481,Express,2024-03-23,2024-03-26,Bangalore,Mumbai
O100482,Standard,2024-01-12,2024-01-15,Mumbai,Chennai
O100483,Same-Day,2024-04-10,2024-04-12,Delhi,Bangalore
O100484,Express,2024-07-01,2024-07-02,Mumbai,Kolkata
O100485,Express,2024-06-28,2024-06-29,Mumbai,Delhi
O100486,Standard,2024-01-24,2024-01-25,Mumbai,Hyderabad
O100487,Express,2024-01-25,2024-01-28,Pune,Bangalore
O100488,Same-Day,2024-03-30,2024-04-02,Delhi,Kolkata
O100489,Same-Day,2024-03-16,2024-03-16,Pune,Mumbai
O100490,Same-Day,2024-06-29,2024-07-02,Mumbai,Pune
O100491,Express,2024-05-12,2024-05-11,Delhi,Mumbai
O100492,Standard,2024-03-06,2024-03-07,Delhi,Bangalore
O100493,Same-Day,2024-05-27,2024-05-27,Chennai,Pune
O100494,Same-Day,2024-02-04,2024-02-06,Delhi,Delhi
O100495,Express,2024-04-13,2024-04-16,Hyderabad,Chennai
O100496,Same-Day,2024-04-16,2024-04-17,Pune,Kolkata
O100497,Standard,2024-02-07,2024-02-07,Hyderabad,Delhi
O100498,Express,2024-05-01,2024-05-04,Kolkata,Bangalore
O100499,Standard,2024-05-26,2024-05-29,Kolkata,Mumbai
O100500,Standard,2024-04-25,2024-04-27,Pune,Delhi
O100501,Standard,2024-05-17,2024-05-16,Bangalore,Mumbai
O100502,Standard,2024-03-28,2024-03-31,Mumbai,Bangalore
O100503,Same-Day,2024-03-14,2024-03-12,Bangalore,Mumbai
O100504,Same-Day,2024-05-22,2024-05-22,Mumbai,Hyderabad
O100505,Express,2024-06-08,2024-06-10,Delhi,Kolkata
O100506,Same-Day,2024-02-14,2024-02-16,Kolkata,Mumbai
O100507,Standard,2024-06-22,2024-06-24,Hyderabad,Kolkata
O100508,Express,2024-05-26,2024-05-24,Pune,Pune
O100509,Standard,2024-01-26,2024-01-24,Hyderabad,Pune
O100510,Same-Day,2024-03-09,2024-03-12,Mumbai,Pune
O100511,Same-Day,2024-04-17,2024-04-19,Hyderabad,Delhi
O100512,Express,2024-06-11,2024-06-13,Bangalore,Hyderabad
O100513,Express,2024-05-05,2024-05-04,Pune,Pune
O100514,Same-Day,2024-04-14,2024-04-14,Chennai,Delhi
O100515,Same-Day,2024-01-17,2024-01-16,Chennai,Chennai
O100516,Express,2024-04-30,2024-04-29,Bangalore,Kolkata
O100517,Standard,2024-03-26,2024-03-29,Bangalore,Hyderabad
O100518,Express,2024-04-14,2024-04-13,Pune,Bangalore
O100519,Same-Day,2024-05-24,2024-05-22,Bangalore,Mumbai
O100520,Express,2024-02-03,2024-02-03,Chennai,Mumbai
O100521,Standard,2024-01-30,2024-01-28,Bangalore,Chennai
O100522,Same-Day,2024-04-18,2024-04-17,Pune,Mumbai
O100523,Express,2024-05-29,2024-06-01,Bangalore,Mumbai
O100524,Standard,2024-05-12,2024-05-14,Chennai,Chennai
O100525,Express,2024-05-09,2024-05-07,Delhi,Chennai
O100526,Same-Day,2024-04-28,2024-04-27,Mumbai,Kolkata
O100527,Express,2024-01-15,2024-01-13,Bangalore,Chennai
O100528,Same-Day,2024-06-17,2024-06-20,Chennai,Bangalore
O100529,Same-Day,2024-01-04,2024-01-02,Chennai,Mumbai
O100530,Express,2024-04-05,2024-04-06,Bangalore,Delhi
O100531,Express,2024-01-16,2024-01-18,Kolkata,Mumbai
O100532,Express,2024-05-23,2024-05-23,Delhi,Chennai
O100533,Same-Day,2024-04-26,2024-04-28,Bangalore,Pune
O100534,Same-Day,2024-06-24,2024-06-26,Delhi,Mumbai
O100535,Standard,2024-04-15,2024-04-15,Pune,Bangalore
O100536,Same-Day,2024-04-04,2024-04-03,Mumbai,Kolkata
O100537,Same-Day,2024-04-13,2024-04-15,Delhi,Delhi
O100538,Standard,2024-02-10,2024-02-13,Bangalore,Pune
O100539,Express,2024-05-14,2024-05-15,Mumbai,Kolkata
O100540,Same-Day,2024-02-06,2024-02-06,Kolkata,Bangalore
O100541,Standard,2024-04-15,2024-04-17,Hyderabad,Pune
O100542,Express,2024-06-02,2024-06-02,Kolkata,Pune
O100543,Same-Day,2024-05-17,2024-05-18,Hyderabad,Kolkata
O100544,Express,2024-05-03,2024-05-01,Bangalore,Bangalore
O100545,Same-Day,2024-01-30,2024-01-31,Kolkata,Bangalore
O100546,Same-Day,2024-06-26,2024-06-29,Delhi,Kolkata
O100547,Express,2024-03-10,2024-03-13,Pune,Pune
O100548,Same-Day,2024-05-28,2024-05-27,Hyderabad,Delhi
O100549,Same-Day,2024-05-03,2024-05-02,Kolkata,Hyderabad
O100550,Same-Day,2024-06-08,2024-06-09,Mumbai,Pune
O100551,Same-Day,2024-03-04,2024-03-02,Kolkata,Hyderabad
O100552,Standard,2024-02-23,2024-02-21,Chennai,Bangalore
O100553,Express,2024-02-10,2024-02-11,Hyderabad,Mumbai
O100554,Express,2024-05-10,2024-05-12,Chennai,Pune
O100555,Same-Day,2024-01-17,2024-01-20,Mumbai,Kolkata
O100556,Standard,2024-05-28,2024-05-28,Hyderabad,Chennai
O100557,Same-Day,2024-04-07,2024-04-07,Mumbai,Chennai
O100558,Same-Day,2024-03-29,2024-03-31,Bangalore,Hyderabad
O100559,Same-Day,2024-06-24,2024-06-27,Pune,Hyderabad
O100560,Express,2024-06-07,2024-06-08,Mumbai,Mumbai
O100561,Express,2024-05-24,2024-05-24,Mumbai,Bangalore
O100562,Express,2024-07-01,2024-06-30,Hyderabad,Hyderabad
O100563,Express,2024-03-24,2024-03-25,Bangalore,Kolkata
O100564,Same-Day,2024-03-12,2024-03-12,Delhi,Kolkata
O100565,Same-Day,2024-05-20,2024-05-21,Chennai,Pune
O100566,Express,2024-02-09,2024-02-09,Delhi,Bangalore
O100567,Same-Day,2024-01-22,2024-01-22,Chennai,Hyderabad
O100568,Express,2024-05-04,2024-05-03,Mumbai,Pune
O100569,Same-Day,2024-03-11,2024-03-13,Hyderabad,Bangalore
O100570,Standard,2024-02-02,2024-02-04,Hyderabad,Kolkata
O100571,Standard,2024-03-08,2024-03-06,Hyderabad,Kolkata
O100572,Standard,2024-06-17,2024-06-16,Delhi,Delhi
O100573,Express,2024-03-27,2024-03-30,Chennai,Delhi
O100574,Same-Day,2024-02-06,2024-02-04,Kolkata,Mumbai
O100575,Express,2024-06-18,2024-06-19,Chennai,Hyderabad
O100576,Standard,2024-03-19,2024-03-19,Bangalore,Hyderabad
O100577,Standard,2024-01-28,2024-01-31,Kolkata,Mumbai
O100578,Same-Day,2024-01-11,2024-01-10,Chennai,Pune
O100579,Standard,2024-01-15,2024-01-16,Pune,Chennai
O100580,Standard,2024-03-20,2024-03-18,Delhi,Bangalore
O100581,Same-Day,2024-06-04,2024-06-02,Bangalore,Bangalore
O100582,Express,2024-06-15,2024-06-17,Kolkata,Chennai
O100583,Standard,2024-05-14,2024-05-15,Bangalore,Mumbai
O100584,Standard,2024-03-30,2024-03-29,Hyderabad,Chennai
O100585,Same-Day,2024-03-07,2024-03-10,Mumbai,Delhi
O100586,Same-Day,2024-03-28,2024-03-28,Kolkata,Hyderabad
O100587,Standard,2024-02-19,2024-02-21,Pune,Hyderabad
O100588,Express,2024-04-21,2024-04-23,Bangalore,Delhi
O100589,Express,2024-06-22,2024-06-20,Mumbai,Mumbai
O100590,Express,2024-03-25,2024-03-24,Delhi,Bangalore
O100591,Express,2024-03-03,2024-03-04,Pune,Bangalore
O100592,Express,2024-03-20,2024-03-22,Hyderabad,Kolkata
O100593,Standard,2024-03-12,2024-03-15,Bangalore,Hyderabad
O100594,Standard,2024-01-21,2024-01-24,Delhi,Chennai
O100595,Express,2024-02-12,2024-02-13,Hyderabad,Kolkata
O100596,Same-Day,2024-03-21,2024-03-24,Delhi,Hyderabad
O100597,Express,2024-04-06,2024-04-08,Mumbai,Mumbai
O100598,Standard,2024-05-07,2024-05-06,Chennai,Hyderabad
O100599,Same-Day,2024-04-06,2024-04-07,Hyderabad,Kolkata
O100600,Express,2024-05-19,2024-05-22,Pune,Mumbai
O100601,Standard,2024-06-28,2024-06-30,Pune,Pune
O100602,Standard,2024-05-19,2024-05-20,Kolkata,Hyderabad
O100603,Express,2024-01-22,2024-01-24,Delhi,Delhi
O100604,Same-Day,2024-05-10,2024-05-09,Kolkata,Kolkata
O100605,Standard,2024-02-17,2024-02-17,Pune,Kolkata
O100606,Express,2024-02-01,2024-02-04,Mumbai,Hyderabad
O100607,Same-Day,2024-05-06,2024-05-04,Kolkata,Chennai
O100608,Standard,2024-05-01,2024-04-30,Kolkata,Chennai
O100609,Express,2024-05-26,2024-05-24,Kolkata,Chennai
O100610,Same-Day,2024-03-20,2024-03-23,Delhi,Chennai
O100611,Express,2024-01-03,2024-01-06,Mumbai,Kolkata
O100612,Standard,2024-01-17,2024-01-18,Bangalore,Hyderabad
O100613,Standard,2024-05-23,2024-05-21,Delhi,Chennai
O100614,Standard,2024-03-19,2024-03-20,Mumbai,Pune
O100615,Standard,2024-06-18,2024-06-21,Hyderabad,Chennai
O100616,Express,2024-04-09,2024-04-10,Pune,Chennai
O100617,Express,2024-01-23,2024-01-26,Hyderabad,Pune
O100618,Same-Day,2024-02-05,2024-02-08,Pune,Bangalore
O100619,Standard,2024-02-20,2024-02-22,Chennai,Kolkata
O100620,Standard,2024-03-03,2024-03-01,Pune,Delhi
O100621,Express,2024-04-30,2024-05-03,Hyderabad,Kolkata
O100622,Express,2024-05-18,2024-05-19,Pune,Mumbai
O100623,Standard,2024-05-02,2024-05-02,Mumbai,Bangalore
O100624,Standard,2024-02-03,2024-02-01,Pune,Hyderabad
O100625,Express,2024-06-08,2024-06-06,Mumbai,Mumbai
O100626,Standard,2024-01-31,2024-02-02,Delhi,Chennai
O100627,Same-Day,2024-06-22,2024-06-25,Pune,Delhi
O100628,Standard,2024-01-17,2024-01-18,Chennai,Mumbai
O100629,Same-Day,2024-02-26,2024-02-24,Mumbai,Kolkata
O100630,Express,2024-03-02,2024-03-05,Kolkata,Bangalore
O100631,Same-Day,2024-06-03,2024-06-06,Pune,Bangalore
O100632,Standard,2024-03-23,2024-03-22,Hyderabad,Kolkata
O100633,Standard,2024-04-20,2024-04-20,Bangalore,Delhi
O100634,Same-Day,2024-06-01,2024-06-04,Mumbai,Hyderabad
O100635,Same-Day,2024-04-20,2024-04-22,Chennai,Delhi
O100636,Express,2024-06-15,2024-06-18,Chennai,Pune
O100637,Same-Day,2024-03-23,2024-03-26,Chennai,Chennai
O100638,Standard,2024-03-22,2024-03-23,Mumbai,Pune
O100639,Same-Day,2024-05-02,2024-05-01,Pune,Mumbai
O100640,Express,2024-02-08,2024-02-09,Delhi,Kolkata
O100641,Express,2024-04-18,2024-04-20,Kolkata,Mumbai
O100642,Express,2024-03-05,2024-03-05,Mumbai,Bangalore
O100643,Same-Day,2024-01-22,2024-01-23,Pune,Bangalore
O100644,Standard,2024-05-22,2024-05-25,Pune,Mumbai
O100645,Standard,2024-03-14,2024-03-15,Hyderabad,Kolkata
O100646,Same-Day,2024-01-12,2024-01-10,Mumbai,Pune
O100647,Same-Day,2024-06-21,2024-06-23,Mumbai,Chennai
O100648,Standard,2024-03-31,2024-03-31,Delhi,Mumbai
O100649,Standard,2024-02-05,2024-02-08,Pune,Chennai
O100650,Standard,2024-07-02,2024-07-04,Hyderabad,Mumbai
O100651,Express,2024-03-04,2024-03-06,Bangalore,Pune
O100652,Express,2024-04-09,2024-04-10,Kolkata,Hyderabad
O100653,Express,2024-03-21,2024-03-21,Bangalore,Kolkata
O100654,Express,2024-05-01,2024-04-29,Pune,Hyderabad
O100655,Express,2024-03-24,2024-03-23,Bangalore,Bangalore
O100656,Express,2024-01-14,2024-01-16,Pune,Mumbai
O100657,Same-Day,2024-02-08,2024-02-06,Bangalore,Kolkata
O100658,Same-Day,2024-05-29,2024-06-01,Chennai,Bangalore
O100659,Standard,2024-02-25,2024-02-25,Mumbai,Chennai
O100660,Same-Day,2024-03-04,2024-03-05,Kolkata,Hyderabad
O100661,Same-Day,2024-03-28,2024-03-28,Pune,Pune
O100662,Express,2024-06-15,2024-06-18,Chennai,Chennai
O100663,Standard,2024-04-05,2024-04-04,Mumbai,Hyderabad
O100664,Same-Day,2024-05-06,2024-05-05,Kolkata,Hyderabad
O100665,Standard,2024-05-19,2024-05-17,Pune,Pune
O100666,Standard,2024-06-25,2024-06-23,Pune,Delhi
O100667,Express,2024-02-07,2024-02-10,Mumbai,Delhi
O100668,Same-Day,2024-02-09,2024-02-07,Mumbai,Kolkata
O100669,Express,2024-04-07,2024-04-05,Kolkata,Hyderabad
O100670,Same-Day,2024-06-07,2024-06-08,Hyderabad,Chennai
O100671,Standard,2024-01-07,2024-01-09,Kolkata,Chennai
O100672,Standard,2024-01-10,2024-01-12,Hyderabad,Bangalore
O100673,Same-Day,2024-03-15,2024-03-13,Kolkata,Pune
O100674,Same-Day,2024-06-22,2024-06-23,Pune,Mumbai
O100675,Standard,2024-01-30,2024-02-01,Mumbai,Mumbai
O100676,Standard,2024-06-12,2024-06-14,Bangalore,Pune
O100677,Express,2024-03-11,2024-03-12,Delhi,Bangalore
O100678,Express,2024-04-29,2024-05-01,Mumbai,Hyderabad
O100679,Standard,2024-03-22,2024-03-25,Pune,Pune
O100680,Standard,2024-06-21,2024-06-24,Pune,Delhi
O100681,Standard,2024-04-18,2024-04-19,Chennai,Kolkata
O100682,Express,2024-01-17,2024-01-20,Delhi,Hyderabad
O100683,Standard,2024-01-27,2024-01-28,Pune,Chennai
O100684,Same-Day,2024-03-26,2024-03-28,Pune,Delhi
O100685,Same-Day,2024-01-12,2024-01-11,Mumbai,Pune
O100686,Same-Day,2024-05-26,2024-05-27,Bangalore,Delhi
O100687,Standard,2024-06-29,2024-06-29,Kolkata,Kolkata
O100688,Same-Day,2024-01-10,2024-01-09,Pune,Bangalore
O100689,Standard,2024-02-28,2024-03-01,Mumbai,Pune
O100690,Same-Day,2024-04-12,2024-04-10,Bangalore,Mumbai
O100691,Same-Day,2024-03-03,2024-03-05,Pune,Pune
O100692,Express,2024-06-24,2024-06-26,Bangalore,Chennai
O100693,Same-Day,2024-02-06,2024-02-09,Hyderabad,Delhi
O100694,Same-Day,2024-03-30,2024-03-28,Delhi,Chennai
O100695,Standard,2024-01-25,2024-01-25,Kolkata,Pune
O100696,Same-Day,2024-06-02,2024-06-03,Pune,Bangalore
O100697,Standard,2024-06-16,2024-06-16,Pune,Chennai
O100698,Express,2024-03-01,2024-03-01,Kolkata,Chennai
O100699,Express,2024-02-19,2024-02-22,Kolkata,Hyderabad
O100700,Express,2024-01-24,2024-01-26,Bangalore,Pune
O100701,Standard,2024-01-24,2024-01-22,Bangalore,Mumbai
O100702,Express,2024-06-13,2024-06-12,Hyderabad,Chennai
O100703,Express,2024-04-04,2024-04-02,Delhi,Delhi
O100704,Express,2024-04-25,2024-04-25,Pune,Bangalore
O100705,Standard,2024-02-08,2024-02-06,Mumbai,Chennai
O100706,Express,2024-05-24,2024-05-26,Kolkata,Chennai
O100707,Standard,2024-01-12,2024-01-10,Bangalore,Kolkata
O100708,Standard,2024-06-06,2024-06-08,Pune,Bangalore
O100709,Express,2024-01-06,2024-01-06,Chennai,Chennai
O100710,Standard,2024-05-28,2024-05-27,Kolkata,Kolkata
O100711,Standard,2024-06-29,2024-06-30,Mumbai,Mumbai
O100712,Express,2024-03-20,2024-03-20,Chennai,Mumbai
O100713,Standard,2024-02-17,2024-02-18,Bangalore,Chennai
O100714,Express,2024-05-05,2024-05-03,Bangalore,Bangalore
O100715,Standard,2024-06-14,2024-06-15,Kolkata,Kolkata
O100716,Standard,2024-05-02,2024-04-30,Mumbai,Bangalore
O100717,Standard,2024-04-16,2024-04-16,Pune,Kolkata
O100718,Express,2024-03-27,2024-03-28,Bangalore,Chennai
O100719,Same-Day,2024-06-02,2024-06-01,Bangalore,Bangalore
O100720,Same-Day,2024-06-27,2024-06-26,Chennai,Bangalore
O100721,Standard,2024-04-16,2024-04-16,Bangalore,Hyderabad
O100722,Same-Day,2024-06-12,2024-06-13,Kolkata,Pune
O100723,Standard,2024-03-29,2024-03-30,Bangalore,Pune
O100724,Express,2024-04-05,2024-04-03,Kolkata,Mumbai
O100725,Same-Day,2024-05-20,2024-05-19,Hyderabad,Pune
O100726,Same-Day,2024-01-08,2024-01-11,Chennai,Hyderabad
O100727,Standard,2024-04-27,2024-04-27,Pune,Hyderabad
O100728,Standard,2024-04-19,2024-04-22,Chennai,Mumbai
O100729,Same-Day,2024-03-19,2024-03-18,Bangalore,Hyderabad
O100730,Standard,2024-04-23,2024-04-24,Delhi,Chennai
O100731,Same-Day,2024-05-03,2024-05-05,Chennai,Kolkata
O100732,Same-Day,2024-06-27,2024-06-28,Kolkata,Delhi
O100733,Express,2024-06-30,2024-07-02,Kolkata,Hyderabad
O100734,Standard,2024-02-02,2024-02-01,Hyderabad,Hyderabad
O100735,Express,2024-02-14,2024-02-17,Kolkata,Delhi
O100736,Same-Day,2024-06-15,2024-06-18,Hyderabad,Chennai
O100737,Express,2024-04-22,2024-04-20,Delhi,Delhi
O100738,Express,2024-02-28,2024-03-01,Hyderabad,Kolkata
O100739,Same-Day,2024-05-29,2024-06-01,Kolkata,Mumbai
O100740,Express,2024-04-07,2024-04-08,Chennai,Pune
O100741,Same-Day,2024-05-31,2024-06-03,Kolkata,Mumbai
O100742,Express,2024-01-09,2024-01-10,Delhi,Bangalore
O100743,Express,2024-01-24,2024-01-22,Pune,Hyderabad
O100744,Standard,2024-04-04,2024-04-04,Bangalore,Chennai
O100745,Standard,2024-05-18,2024-05-19,Bangalore,Chennai
O100746,Standard,2024-04-27,2024-04-30,Hyderabad,Chennai
O100747,Express,2024-01-20,2024-01-20,Delhi,Pune
O100748,Same-Day,2024-01-31,2024-01-29,Pune,Bangalore
O100749,Same-Day,2024-01-29,2024-02-01,Pune,Mumbai
O100750,Same-Day,2024-03-04,2024-03-06,Mumbai,Kolkata
O100751,Standard,2024-03-30,2024-04-01,Chennai,Chennai
O100752,Standard,2024-04-18,2024-04-21,Mumbai,Mumbai
O100753,Same-Day,2024-06-18,2024-06-19,Chennai,Delhi
O100754,Same-Day,2024-06-07,2024-06-06,Chennai,Kolkata
O100755,Express,2024-04-11,2024-04-09,Hyderabad,Mumbai
O100756,Standard,2024-03-17,2024-03-20,Pune,Pune
O100757,Standard,2024-06-01,2024-05-30,Pune,Pune
O100758,Same-Day,2024-02-18,2024-02-18,Bangalore,Mumbai
O100759,Express,2024-02-01,2024-02-01,Hyderabad,Pune
O100760,Express,2024-05-17,2024-05-20,Bangalore,Kolkata
O100761,Express,2024-06-07,2024-06-08,Kolkata,Delhi
O100762,Express,2024-04-02,2024-04-03,Kolkata,Mumbai
O100763,Same-Day,2024-06-30,2024-06-30,Kolkata,Kolkata
O100764,Standard,2024-06-26,2024-06-25,Bangalore,Delhi
O100765,Standard,2024-03-24,2024-03-22,Mumbai,Bangalore
O100766,Same-Day,2024-02-07,2024-02-09,Chennai,Chennai
O100767,Same-Day,2024-02-06,2024-02-08,Chennai,Chennai
O100768,Standard,2024-05-09,2024-05-12,Kolkata,Hyderabad
O100769,Same-Day,2024-02-15,2024-02-17,Mumbai,Chennai
O100770,Express,2024-02-07,2024-02-06,Bangalore,Pune
O100771,Express,2024-06-09,2024-06-07,Pune,Bangalore
O100772,Standard,2024-05-09,2024-05-08,Mumbai,Pune
O100773,Express,2024-05-25,2024-05-27,Hyderabad,Chennai
O100774,Express,2024-06-26,2024-06-27,Chennai,Hyderabad
O100775,Express,2024-05-07,2024-05-06,Delhi,Kolkata
O100776,Standard,2024-03-02,2024-03-02,Delhi,Bangalore
O100777,Standard,2024-05-22,2024-05-22,Mumbai,Pune
O100778,Express,2024-05-26,2024-05-29,Pune,Pune
O100779,Express,2024-05-22,2024-05-24,Delhi,Kolkata
O100780,Standard,2024-03-14,2024-03-16,Pune,Bangalore
O100781,Same-Day,2024-01-12,2024-01-15,Chennai,Kolkata
O100782,Standard,2024-04-23,2024-04-21,Hyderabad,Pune
O100783,Same-Day,2024-03-05,2024-03-05,Pune,Delhi
O100784,Express,2024-03-10,2024-03-10,Pune,Pune
O100785,Standard,2024-04-27,2024-04-25,Pune,Pune
O100786,Standard,2024-02-28,2024-03-02,Kolkata,Hyderabad
O100787,Express,2024-06-07,2024-06-10,Chennai,Mumbai
O100788,Same-Day,2024-02-06,2024-02-05,Pune,Mumbai
O100789,Standard,2024-05-30,2024-05-30,Kolkata,Bangalore
O100790,Same-Day,2024-05-18,2024-05-17,Bangalore,Hyderabad
O100791,Express,2024-03-17,2024-03-19,Bangalore,Pune
O100792,Same-Day,2024-06-23,2024-06-21,Mumbai,Pune
O100793,Express,2024-01-18,2024-01-18,Pune,Hyderabad
O100794,Standard,2024-07-03,2024-07-02,Mumbai,Mumbai
O100795,Same-Day,2024-03-24,2024-03-23,Pune,Pune
O100796,Same-Day,2024-04-11,2024-04-12,Mumbai,Kolkata
O100797,Same-Day,2024-03-10,2024-03-13,Chennai,Chennai
O100798,Express,2024-01-22,2024-01-25,Pune,Pune
O100799,Standard,2024-04-18,2024-04-20,Hyderabad,Bangalore
O100800,Same-Day,2024-04-05,2024-04-06,Chennai,Bangalore
O100801,Same-Day,2024-01-02,2024-01-05,Delhi,Hyderabad
O100802,Express,2024-06-13,2024-06-16,Hyderabad,Bangalore
O100803,Standard,2024-05-21,2024-05-22,Mumbai,Chennai
O100804,Standard,2024-05-11,2024-05-11,Bangalore,Pune
O100805,Express,2024-03-29,2024-03-31,Kolkata,Mumbai
O100806,Same-Day,2024-05-05,2024-05-05,Hyderabad,Pune
O100807,Standard,2024-01-17,2024-01-15,Hyderabad,Pune
O100808,Express,2024-01-07,2024-01-05,Pune,Mumbai
O100809,Express,2024-04-28,2024-04-26,Chennai,Mumbai
O100810,Same-Day,2024-02-04,2024-02-07,Bangalore,Mumbai
O100811,Express,2024-01-26,2024-01-29,Bangalore,Bangalore
O100812,Standard,2024-04-10,2024-04-13,Hyderabad,Mumbai
O100813,Standard,2024-04-16,2024-04-19,Bangalore,Hyderabad
O100814,Same-Day,2024-03-01,2024-03-02,Hyderabad,Delhi
O100815,Same-Day,2024-01-26,2024-01-24,Mumbai,Chennai
O100816,Standard,2024-02-08,2024-02-10,Mumbai,Kolkata
O100817,Same-Day,2024-04-24,2024-04-22,Delhi,Hyderabad
O100818,Express,2024-02-02,2024-02-03,Hyderabad,Mumbai
O100819,Express,2024-01-21,2024-01-20,Chennai,Delhi
O100820,Same-Day,2024-01-28,2024-01-26,Bangalore,Bangalore
O100821,Express,2024-02-07,2024-02-08,Pune,Pune
O100822,Standard,2024-06-18,2024-06-21,Mumbai,Delhi
O100823,Same-Day,2024-05-25,2024-05-23,Kolkata,Hyderabad
O100824,Standard,2024-04-27,2024-04-27,Hyderabad,Mumbai
O100825,Same-Day,2024-02-09,2024-02-10,Kolkata,Hyderabad
O100826,Express,2024-02-27,2024-02-25,Delhi,Mumbai
O100827,Standard,2024-06-04,2024-06-07,Chennai,Bangalore
O100828,Express,2024-03-23,2024-03-22,Mumbai,Bangalore
O100829,Same-Day,2024-01-23,2024-01-22,Kolkata,Kolkata
O100830,Same-Day,2024-06-05,2024-06-05,Pune,Hyderabad
O100831,Standard,2024-06-22,2024-06-22,Mumbai,Kolkata
O100832,Same-Day,2024-05-11,2024-05-10,Hyderabad,Chennai
O100833,Express,2024-06-16,2024-06-14,Pune,Pune
O100834,Standard,2024-05-11,2024-05-12,Delhi,Mumbai
O100835,Express,2024-06-14,2024-06-16,Delhi,Kolkata
O100836,Standard,2024-04-07,2024-04-07,Mumbai,Chennai
O100837,Same-Day,2024-04-18,2024-04-18,Kolkata,Hyderabad
O100838,Standard,2024-05-05,2024-05-03,Delhi,Kolkata
O100839,Standard,2024-01-09,2024-01-09,Mumbai,Delhi
O100840,Standard,2024-04-16,2024-04-18,Bangalore,Hyderabad
O100841,Same-Day,2024-05-09,2024-05-10,Chennai,Hyderabad
O100842,Express,2024-01-24,2024-01-27,Kolkata,Kolkata
O100843,Same-Day,2024-02-10,2024-02-10,Delhi,Bangalore
O100844,Standard,2024-05-15,2024-05-14,Pune,Mumbai
O100845,Same-Day,2024-03-25,2024-03-26,Kolkata,Hyderabad
O100846,Same-Day,2024-06-24,2024-06-27,Delhi,Bangalore
O100847,Same-Day,2024-04-22,2024-04-25,Pune,Mumbai
O100848,Standard,2024-03-08,2024-03-06,Chennai,Delhi
O100849,Express,2024-06-07,2024-06-09,Delhi,Bangalore
O100850,Same-Day,2024-06-18,2024-06-21,Mumbai,Delhi
O100851,Standard,2024-02-10,2024-02-13,Delhi,Mumbai
O100852,Express,2024-03-31,2024-04-02,Kolkata,Pune
O100853,Same-Day,2024-03-08,2024-03-07,Bangalore,Mumbai
O100854,Same-Day,2024-03-10,2024-03-13,Delhi,Pune
O100855,Standard,2024-03-31,2024-04-01,Bangalore,Kolkata
O100856,Standard,2024-03-13,2024-03-16,Kolkata,Hyderabad
O100857,Standard,2024-05-12,2024-05-13,Kolkata,Bangalore
O100858,Standard,2024-05-12,2024-05-14,Mumbai,Bangalore
O100859,Standard,2024-03-11,2024-03-09,Kolkata,Hyderabad
O100860,Same-Day,2024-01-31,2024-01-30,Hyderabad,Kolkata
O100861,Standard,2024-01-17,2024-01-15,Mumbai,Delhi
O100862,Express,2024-04-05,2024-04-06,Mumbai,Mumbai
O100863,Standard,2024-05-26,2024-05-29,Hyderabad,Hyderabad
O100864,Express,2024-02-29,2024-02-29,Mumbai,Chennai
O100865,Same-Day,2024-03-23,2024-03-23,Pune,Delhi
O100866,Same-Day,2024-04-06,2024-04-04,Kolkata,Hyderabad
O100867,Standard,2024-02-20,2024-02-19,Pune,Kolkata
O100868,Standard,2024-04-17,2024-04-15,Chennai,Pune
O100869,Express,2024-03-22,2024-03-22,Delhi,Kolkata
O100870,Express,2024-01-05,2024-01-05,Mumbai,Bangalore
O100871,Same-Day,2024-03-19,2024-03-22,Kolkata,Mumbai
O100872,Express,2024-04-06,2024-04-08,Chennai,Pune
O100873,Standard,2024-05-24,2024-05-23,Mumbai,Delhi
O100874,Express,2024-01-09,2024-01-08,Kolkata,Bangalore
O100875,Same-Day,2024-06-27,2024-06-25,Bangalore,Delhi
O100876,Same-Day,2024-04-07,2024-04-10,Hyderabad,Bangalore
O100877,Standard,2024-02-27,2024-02-29,Mumbai,Chennai
O100878,Express,2024-01-18,2024-01-17,Hyderabad,Bangalore
O100879,Standard,2024-01-17,2024-01-16,Pune,Kolkata
O100880,Express,2024-06-30,2024-06-30,Chennai,Hyderabad
O100881,Standard,2024-06-02,2024-05-31,Kolkata,Mumbai
O100882,Same-Day,2024-04-11,2024-04-09,Kolkata,Kolkata
O100883,Standard,2024-04-26,2024-04-29,Mumbai,Mumbai
O100884,Express,2024-03-09,2024-03-09,Pune,Chennai
O100885,Same-Day,2024-03-25,2024-03-25,Chennai,Bangalore
O100886,Standard,2024-01-25,2024-01-24,Mumbai,Pune
O100887,Same-Day,2024-01-29,2024-01-28,Delhi,Mumbai
O100888,Express,2024-05-01,2024-05-01,Chennai,Delhi
O100889,Same-Day,2024-04-02,2024-04-01,Chennai,Bangalore
O100890,Express,2024-03-10,2024-03-08,Delhi,Mumbai
O100891,Same-Day,2024-03-19,2024-03-22,Hyderabad,Kolkata
O100892,Standard,2024-03-01,2024-03-01,Mumbai,Delhi
O100893,Same-Day,2024-03-05,2024-03-05,Chennai,Kolkata
O100894,Standard,2024-06-27,2024-06-27,Bangalore,Pune
O100895,Standard,2024-01-13,2024-01-14,Pune,Chennai
O100896,Same-Day,2024-05-21,2024-05-20,Delhi,Chennai
O100897,Standard,2024-02-10,2024-02-08,Delhi,Delhi
O100898,Standard,2024-02-08,2024-02-07,Pune,Chennai
O100899,Express,2024-06-26,2024-06-29,Hyderabad,Delhi
O100900,Same-Day,2024-05-31,2024-05-31,Pune,Delhi
O100901,Standard,2024-01-22,2024-01-21,Hyderabad,Chennai
O100902,Standard,2024-01-29,2024-01-29,Delhi,Delhi
O100903,Express,2024-01-15,2024-01-14,Kolkata,Chennai
O100904,Same-Day,2024-04-12,2024-04-13,Delhi,Chennai
O100905,Same-Day,2024-04-20,2024-04-19,Bangalore,Mumbai
O100906,Standard,2024-03-16,2024-03-16,Chennai,Mumbai
O100907,Standard,2024-06-11,2024-06-13,Kolkata,Mumbai
O100908,Same-Day,2024-03-17,2024-03-18,Chennai,Kolkata
O100909,Express,2024-01-18,2024-01-16,Bangalore,Chennai
O100910,Standard,2024-04-22,2024-04-21,Hyderabad,Pune
O100911,Same-Day,2024-03-05,2024-03-08,Pune,Kolkata
O100912,Standard,2024-04-12,2024-04-15,Bangalore,Chennai
O100913,Same-Day,2024-05-05,2024-05-05,Kolkata,Kolkata
O100914,Express,2024-04-11,2024-04-11,Mumbai,Delhi
O100915,Express,2024-06-03,2024-06-02,Delhi,Pune
O100916,Express,2024-01-17,2024-01-18,Kolkata,Bangalore
O100917,Same-Day,2024-03-01,2024-02-29,Delhi,Mumbai
O100918,Same-Day,2024-03-03,2024-03-03,Kolkata,Pune
O100919,Same-Day,2024-01-16,2024-01-15,Kolkata,Pune
O100920,Express,2024-04-02,2024-04-01,Mumbai,Mumbai
O100921,Same-Day,2024-03-23,2024-03-26,Hyderabad,Bangalore
O100922,Same-Day,2024-01-09,2024-01-12,Hyderabad,Bangalore
O100923,Same-Day,2024-05-25,2024-05-24,Kolkata,Mumbai
O100924,Express,2024-05-20,2024-05-20,Mumbai,Chennai
O100925,Standard,2024-01-29,2024-01-27,Mumbai,Kolkata
O100926,Standard,2024-01-11,2024-01-13,Chennai,Delhi
O100927,Express,2024-06-08,2024-06-07,Pune,Mumbai
O100928,Express,2024-02-17,2024-02-17,Delhi,Delhi
O100929,Standard,2024-06-04,2024-06-07,Mumbai,Pune
O100930,Standard,2024-05-19,2024-05-19,Delhi,Bangalore
O100931,Same-Day,2024-06-19,2024-06-20,Kolkata,Delhi
O100932,Express,2024-03-20,2024-03-20,Mumbai,Mumbai
O100933,Same-Day,2024-04-22,2024-04-25,Chennai,Hyderabad
O100934,Express,2024-02-16,2024-02-19,Kolkata,Hyderabad
O100935,Same-Day,2024-04-02,2024-04-01,Hyderabad,Kolkata
O100936,Standard,2024-04-11,2024-04-11,Hyderabad,Hyderabad
O100937,Express,2024-02-04,2024-02-03,Hyderabad,Delhi
O100938,Same-Day,2024-05-27,2024-05-28,Pune,Pune
O100939,Same-Day,2024-01-10,2024-01-09,Kolkata,Bangalore
O100940,Same-Day,2024-02-27,2024-03-01,Kolkata,Delhi
O100941,Express,2024-02-08,2024-02-08,Hyderabad,Delhi
O100942,Standard,2024-04-03,2024-04-03,Mumbai,Hyderabad
O100943,Standard,2024-06-25,2024-06-28,Hyderabad,Bangalore
O100944,Express,2024-01-05,2024-01-05,Mumbai,Mumbai
O100945,Same-Day,2024-01-19,2024-01-19,Bangalore,Pune
O100946,Standard,2024-01-06,2024-01-04,Chennai,Chennai
O100947,Same-Day,2024-04-18,2024-04-17,Chennai,Chennai
O100948,Express,2024-04-01,2024-04-03,Chennai,Delhi
O100949,Express,2024-05-29,2024-06-01,Pune,Hyderabad
O100950,Standard,2024-02-16,2024-02-17,Delhi,Pune
O100951,Standard,2024-03-21,2024-03-19,Bangalore,Bangalore
O100952,Standard,2024-01-24,2024-01-24,Mumbai,Chennai
O100953,Standard,2024-01-25,2024-01-27,Delhi,Bangalore
O100954,Same-Day,2024-06-07,2024-06-08,Hyderabad,Delhi
O100955,Express,2024-06-18,2024-06-17,Kolkata,Chennai
O100956,Standard,2024-01-19,2024-01-17,Bangalore,Mumbai
O100957,Standard,2024-04-19,2024-04-22,Kolkata,Hyderabad
O100958,Same-Day,2024-05-19,2024-05-19,Hyderabad,Bangalore
O100959,Express,2024-03-03,2024-03-01,Delhi,Chennai
O100960,Same-Day,2024-05-21,2024-05-22,Mumbai,Delhi
O100961,Express,2024-01-03,2024-01-04,Delhi,Bangalore
O100962,Same-Day,2024-06-10,2024-06-12,Chennai,Mumbai
O100963,Standard,2024-01-12,2024-01-11,Mumbai,Hyderabad
O100964,Express,2024-01-23,2024-01-24,Pune,Delhi
O100965,Express,2024-04-13,2024-04-14,Chennai,Hyderabad
O100966,Express,2024-01-26,2024-01-29,Kolkata,Chennai
O100967,Standard,2024-04-09,2024-04-10,Bangalore,Mumbai
O100968,Express,2024-01-14,2024-01-14,Chennai,Chennai
O100969,Express,2024-02-29,2024-02-29,Kolkata,Delhi
O100970,Standard,2024-07-02,2024-07-05,Delhi,Delhi
O100971,Same-Day,2024-03-30,2024-04-01,Chennai,Pune
O100972,Same-Day,2024-02-29,2024-03-02,Delhi,Pune
O100973,Express,2024-05-15,2024-05-16,Kolkata,Hyderabad
O100974,Express,2024-05-28,2024-05-27,Chennai,Bangalore
O100975,Standard,2024-04-16,2024-04-19,Delhi,Kolkata
O100976,Same-Day,2024-05-13,2024-05-15,Hyderabad,Kolkata
O100977,Standard,2024-02-05,2024-02-06,Mumbai,Mumbai
O100978,Standard,2024-02-24,2024-02-23,Delhi,Chennai
O100979,Standard,2024-06-28,2024-06-29,Mumbai,Pune
O100980,Same-Day,2024-02-08,2024-02-10,Bangalore,Bangalore
O100981,Same-Day,2024-01-19,2024-01-17,Chennai,Kolkata
O100982,Express,2024-05-23,2024-05-23,Pune,Bangalore
O100983,Same-Day,2024-04-28,2024-04-26,Pune,Hyderabad
O100984,Same-Day,2024-05-31,2024-06-02,Pune,Chennai
O100985,Standard,2024-04-21,2024-04-20,Mumbai,Kolkata
O100986,Same-Day,2024-05-30,2024-05-28,Delhi,Kolkata
O100987,Standard,2024-03-19,2024-03-21,Bangalore,Chennai
O100988,Express,2024-04-10,2024-04-13,Chennai,Kolkata
O100989,Same-Day,2024-05-02,2024-04-30,Mumbai,Bangalore
O100990,Express,2024-02-08,2024-02-10,Kolkata,Hyderabad
O100991,Same-Day,2024-04-13,2024-04-11,Chennai,Bangalore
O100992,Same-Day,2024-03-02,2024-02-29,Hyderabad,Chennai
O100993,Express,2024-04-07,2024-04-05,Bangalore,Pune
O100994,Express,2024-03-22,2024-03-22,Pune,Chennai
O100995,Same-Day,2024-06-25,2024-06-23,Pune,Mumbai
O100996,Standard,2024-03-22,2024-03-25,Chennai,Pune
O100997,Express,2024-03-11,2024-03-14,Chennai,Kolkata
O100998,Same-Day,2024-01-24,2024-01-23,Chennai,Mumbai
O100999,Express,2024-05-06,2024-05-08,Pune,Bangalore
