review_id,product_id,customer_id,rating,review_text,review_date,review_length
55b1d718-c971-44c0-a733-a5f4de341cbf,184,f356f2b8-610c-4590-81a5-8309f91ba3b7,2,How conference against every stay safe foot quality gun key such break against color firm table south.,2025-05-02,17
4d27062b-6cb4-4b42-a550-908013674df8,289,1e586a70-e3b0-4950-bb2a-d0323d1cfcef,5,Entire very president office determine other look century of culture agreement put.,2025-03-27,12
869badd1-22af-4720-96f0-b62c10c90222,478,cbf66dd8-d34c-4ce9-ae75-d038fc445319,1,Continue good order money arm minute memory own director road alone peace option police human book both under part whole.,2025-01-24,20
b9ae3486-b1d6-4a47-b241-42e4ad293cc3,103,73f3323b-aa47-4e76-94d6-3e596b823da6,2,Method every technology ask society move light value worry owner Mr.,2025-04-25,11
9e9b3fc6-0840-41b6-a8e2-de4256679d59,146,8195b59e-e97f-48cd-b7bd-3e70f2695840,5,Possible reason increase brother establish miss environment myself she look without anything effect speech.,2025-05-17,14
3e9635b2-b8c8-4d79-bf4a-81299be55eba,210,5546fa45-153a-4306-8da7-c10289c8ccd8,2,Admit maintain decision able add maybe full conference according far especially plan audience eight reduce experience natural.,2025-01-16,17
9c497475-410b-4aec-a848-b6cb4b2439f7,380,45e2f025-0488-4ecf-9094-41267e8b37c5,2,Pick position figure catch fly head tend yourself work gas others thing single avoid consumer by young news.,2025-05-10,18
51aa10a2-4c01-4827-bf25-f301fc492123,344,e9338bf2-be1a-498c-b579-4eeb90da4584,2,Score middle couple boy seek surface character any team.,2025-01-12,9
8834854b-0e3f-4b1c-b49c-5062ceeccf92,324,ad75def1-5fff-4de7-a361-8f01630c75c4,2,Various force suffer measure little shake man raise light affect media challenge responsibility old affect phone range.,2025-02-18,17
b8642d47-67fd-4a9c-b465-b12be1cf0599,161,586df208-abb0-4716-a2b0-d8e213cee515,3,Physical second staff himself actually benefit strategy edge she probably pretty available wish over ten although government.,2025-01-10,17
8d3df26c-abe8-4a8e-9a48-5edd0143ee3a,322,1d9b6c56-4ce5-4fed-a6f6-25e398af7711,2,Need throughout read develop along wonder strategy land discussion education debate air chair price today bar.,2025-03-22,16
bdff9eb6-44cd-46e9-984a-2c1814b46d88,106,2a1dfb47-6357-4788-9386-21bc004d7bef,1,Character fish my six choice foot I catch foreign three director deep that tonight hand response data with.,2025-03-27,18
597b7aad-a25a-4d2b-99f5-18cba5127fe8,150,dd7e372c-ba35-4be3-ae69-566cb7b4e03d,3,Miss way film eye report second building yet vote help success where seat.,2025-05-11,13
4443d543-b3b3-49e4-a789-236ab718831e,360,7de69737-a12c-49f4-ba21-54ed7e7805be,4,Watch design anyone dinner world man card future day whose particular business.,2025-04-20,12
ebd313bb-0642-4e44-95bc-f9366a954672,191,291c0788-18fb-44fe-85a3-4250539f4287,4,Run general nor pressure artist scene under data himself join charge bit pick first himself television message miss democratic pretty.,2025-04-24,20
a30b47d2-65ae-4c71-be71-9ee9943f3eae,167,d52e69c7-2e61-4b67-a3cc-8bf8bfba6a85,3,Attack you result miss do culture group hair little two also employee remain party night.,2025-04-04,15
e18685c6-8789-4922-a2d4-944a9f599d6b,115,7a084724-ae8e-4918-a858-6c5fdee6c064,3,Training must suggest us rather lay him dog American manage clear issue from.,2025-05-04,13
7437a6a0-9a61-4784-8519-399ad54238db,495,1887ae91-e700-4000-ba95-b37065588df2,3,Thus air fact same include bag wait the several field say want.,2025-06-03,12
ebcd82de-dd27-4614-ad5f-1996edd80bdc,234,6917456c-6981-4b76-bbbc-3323b4cb99ef,2,Church front far woman method risk peace teach receive approach laugh attack report view.,2025-01-25,14
1672592c-37e5-4090-bcf2-356dfcc9d1f8,240,49150c7e-5c5b-4724-9745-003364a91233,5,Direction response will popular win hold image visit water dog official.,2025-02-15,11
0ff8a9b8-3f15-478d-bb17-028bee83d478,142,731ad2df-00f5-40dc-92a2-98ddaf969d0e,4,Provide those administration benefit everyone draw system would read white production role along finally town outside shake article miss student.,2025-04-21,20
991fd6dd-46dc-4677-82a4-d5a9c0841e81,136,57e03835-fbdd-436a-9b67-2ab203aaec8a,1,Toward research should recently thought whom prevent reality general cut compare would man law hit him wish sell.,2025-05-03,18
0d6da275-9e71-4013-af2f-9b15e735c850,156,51465870-94a3-4df9-9156-ec9fda7a3c88,5,Ever education inside finish word act somebody new much where across everyone dog increase.,2025-04-20,14
f7330d15-da0e-4566-9860-f6b891eb3575,120,b591f2ab-7867-4586-a81c-8d0fe1ed69ff,2,Resource scientist smile should explain less whether deep action marriage.,2025-05-13,10
86ba3869-4a8f-4e77-9858-1d6f5962685b,202,5375d25b-8781-42bc-bf8a-3e0628936208,4,To sign season yes leave allow particularly service reality spend individual manage seat fund.,2025-04-29,14
6b9b1392-d36f-4e35-b81a-2528a55308be,392,f429d0cb-c8db-4a62-a5b5-67acac95930a,4,During market world country word go power professional light.,2025-02-07,9
7b4d49ca-1d46-4215-b196-1aa775726898,244,de891ba9-d33c-4ccb-84f6-afebed21cd19,5,Movie sea increase become financial smile take total food with accept floor kitchen really effect fall.,2025-04-13,16
eb00c6c4-35ef-4bfe-90f9-db34f83f444d,207,483a5cfd-535d-4c4f-aaad-80bb8877c1ac,4,System such others lawyer past remain sort born pay answer nothing yourself according still turn environment.,2025-05-27,16
3cf40e3c-3201-4e39-ab18-0de7a819f78b,200,61fa42ab-63d0-45f2-94b7-9ece3da2565b,1,Start improve manager process wide down environment meet court far city nothing party drop current once road writer.,2025-01-20,18
626d980d-e405-46cc-92f6-0772f801a9d4,498,02d925d2-3b74-488f-b9f9-e5e182b083b4,2,Employee if recognize on owner structure or character expect production.,2025-03-31,10
1b43de9c-0b1d-49e9-830d-cb7bc00a815c,343,2a87611d-0868-40d8-a1b9-981bbc7c3487,4,Machine receive wonder economy letter worry man daughter travel five.,2025-03-07,10
cfe5062b-6a9e-4748-b740-4a37d5ca7b0c,192,94be3d36-ce81-4227-8c7f-a3c680051830,4,Common those huge treatment including whom argue wind or visit cost environment success new politics feel heavy gun pressure bar.,2025-03-03,20
dd662a73-8130-4971-b00e-b1290737b0ac,292,83b2149d-70a9-472c-9b59-341827a4db52,4,Wall effort trip worker show street edge dark yes stock remain.,2025-05-14,11
4d09139a-2e8b-4542-baf0-f4c708d9014a,461,971ff5e4-3f1b-4cda-9058-76143546361c,3,Put you sea rate ball phone always record yet process education nature sometimes read budget per.,2025-02-11,16
3486f8ed-1539-40e3-bf28-dfaa2f62e13f,129,0ff04acd-ea73-42cd-8ad5-787c0c68bb7d,2,Full work rich war evidence everyone share smile us test exactly.,2025-03-18,11
65b80049-3d27-4277-b357-f28dec307ef7,304,1200693b-796b-45a6-a825-0278422c9b14,5,Any together church tough message southern yes religious land.,2025-06-09,9
6ebab6d2-5081-486a-a361-e775fb2fbda1,385,8e63f4c5-0f75-4a96-b889-cf884ea0a268,4,Nor learn act dark look score ok base most for baby model story source health here prove specific friend.,2025-03-15,19
7e88e537-1936-43e3-8a59-1796fed8ed9c,424,f70f23e2-e22e-4566-a5a9-d6eee7954959,3,Shake picture first light eat base someone federal center movement human work order response teacher forget three learn couple surface.,2025-06-07,20
9e3a0ef3-12b3-48bc-86f1-6e750dbb5a22,246,bf0936f2-304f-4189-8347-39a2c0886119,1,Remember reflect child simple candidate year peace finish indicate.,2025-04-05,9
5f45e35a-6149-4c12-a17a-f94d015cbce7,115,f188b5f8-7d96-4b9d-a220-7bf94028f6a5,1,No hair southern life water agent dog thing long station which various political its various fire practice animal few evidence.,2025-01-09,20
199983fc-ae73-4c0c-b6dd-8e7713dd4da2,491,03fc7294-8f1c-4429-9a44-7dfc2346b9c9,3,Time including rule their note happy right suddenly bring statement argue.,2025-01-09,11
ece1b754-a4d2-4276-946d-847aa9483ffa,396,2fd37802-8e8d-4c53-8f53-32583b26052c,4,Industry hold state bar level bill compare maintain shoulder break if group.,2025-05-29,12
a1a5a734-99e1-4e3d-886d-9fa7850e6752,393,73143bfc-b989-4964-99b4-52e56c120d0b,2,Garden some good sense on brother professor stock alone.,2025-04-10,9
85ef2bdd-41a7-40e8-b1cf-24276839a47d,228,e3ad9812-ca9b-429f-98a4-f420e7238da2,1,Business level particularly through use experience able important drug situation worry approach a dream loss production actually.,2025-03-26,17
a4ac303e-67f5-453a-a6cf-1533a335d69f,114,d1d8404d-b570-4c0b-8600-0a93a8f72d8c,3,Else then high my where meet brother around player later possible believe spend director year.,2025-05-15,15
9cc4ddbc-02ef-4ac2-8ee4-a507f2e4f5ee,322,75763ba2-cc24-4643-affe-613d82e6b782,3,Smile coach institution nation service personal leader building season against pull policy toward.,2025-05-06,13
0a082efd-8a39-4990-8981-5ad4f477161b,443,db997cc7-034d-4070-b0a5-0947209c2ecd,2,Partner stage heart follow government receive relationship whether hair behavior soldier although improve.,2025-05-24,13
86bdf866-8d51-4f44-a165-5df755cc2d6c,160,88371654-13b4-4d6c-8207-e76845e47c1a,2,One purpose leave article dream provide ok in activity policy red.,2025-05-28,11
6bce857b-89cd-4367-8754-d19150237362,377,39ca94d5-9a11-4a8f-893b-f8559577b63e,2,Statement none become will home there special agency left Republican radio audience miss difficult respond senior away world everyone.,2025-01-17,19
614d6bcc-b57a-40c5-bd32-57aa548b92b4,379,9a00d450-c997-4020-8943-b23462d09002,4,Name old four former affect player whose first least pretty arrive trip reveal history indeed have movement free.,2025-04-05,18
4d10e20a-01a3-482c-b2c6-1fa0d74ad1cc,136,c3bf62a3-b83d-4645-a824-ea3bac703ef7,4,Western deep work recently anything feel former tough two left north happen difficult rest because either discuss.,2025-01-06,17
d45b4b83-4849-402b-804d-dacfe9d55642,151,e2d47c3b-7940-4058-94bc-9b5a591f468c,4,Sit together threat manager chair travel three country lawyer.,2025-01-03,9
46e63be6-b983-4e09-9ce7-1506f1deae7f,465,649e74d7-0aa6-4d97-b879-fcf5492f1316,1,Center leader Republican shake management agree toward remain someone experience not author experience stay.,2025-02-17,14
ebf1cfaa-b713-4c67-a4c1-9eccc4f7e9a5,340,1ce24c88-a8b4-4074-93cf-d2f847d973dd,4,Beautiful create rich of price single for body fear real place these himself thousand.,2025-01-24,14
e42bdf53-ada2-48e0-aafe-6ef3ad3b4a62,183,3f46ade6-ca1f-4782-ba19-f04de9442422,4,Anyone defense must serious could feeling color tell surface popular father enough ground popular.,2025-01-01,14
891f9e3b-f58d-4dfb-a71e-0beb522b19d7,193,313a3ec3-f640-4c7a-beef-318b2a7aa2f9,3,At record trial why both wall effect me bed street while sound.,2025-02-10,12
bb32c582-9fa9-4810-9806-a20ad666c074,345,184063ac-b91c-4a79-ba9d-973d14279e80,4,Clearly their type right read make church care consider follow laugh near however.,2025-03-11,13
1262d23e-a932-4d66-983e-c132f5236ed5,219,a0d95326-8dff-4cc2-b176-d60b75fc63ec,4,Break interesting you son analysis paper happy speak just feeling travel parent new model together be.,2025-04-15,16
904ce16a-474d-4146-a529-9cee177941ef,281,c6f6b0ad-6656-491d-866e-014a3cf14be8,5,Pressure position a value two store usually national lay board now.,2025-03-17,11
f0f38aa5-6f3c-4148-b4a1-dce3dd66297b,291,81848e65-99a3-4135-8b90-cf9bfa3c408c,4,Family kind thought which matter respond front trade thought always hit two.,2025-05-18,12
cdb4ca76-4c0a-4657-8c1b-3a21276511bc,177,120ecfba-d8a1-499b-a7c1-d134ab3f17ce,5,Stage relationship TV wonder control loss PM international type rock only minute sound success experience evening out manager.,2025-03-16,18
31395b76-fc37-4f12-9e5c-e530081770c9,390,ce5c85e5-3c81-49a5-8b35-831bd3e3b926,1,Soldier clearly life choice trip environment let consumer kind free best admit.,2025-02-13,12
3f86c07c-4ba7-4382-b5cd-99467133b178,473,250fa448-7f81-4bc0-a250-064baee42c0f,4,Condition side quite nor about tonight soldier party theory character company style deal.,2025-03-14,13
efb806b5-6849-430a-9f7a-2755c2393c46,332,1838f97a-7d35-4c1b-b712-12bc78f076ea,3,We choice those everything seem one base low could truth keep.,2025-01-10,11
f56d9a98-cf8d-4d29-9787-8c2edc2a765d,163,5bc69313-270d-4cf9-b15a-b7ba3cfded24,4,This office include image wish speech agency various officer month head alone degree list former prove.,2025-04-20,16
2febd1bf-a4b6-4260-a94f-9b5a858fc8e1,121,886e09bc-a4ff-493a-8610-c91361da0ff2,1,Upon include else music quality take authority dream out evidence two structure culture.,2025-04-29,13
0a367161-0c4f-40d7-b737-e1fce3088d4e,284,ece599e4-296b-44c4-a435-858d3f004a8a,2,Oil road society police both you official call cut senior.,2025-01-31,10
d101e0ec-d7c5-4642-adf9-3036d82a523a,139,a89c5317-b845-4745-8255-ab60dfbf6bd5,4,Rich everything worry newspaper campaign religious keep card professional us official walk.,2025-06-16,12
d590ac5a-54e4-4144-8c4e-ba8b30b1ff92,315,4851da2e-a2ad-4d6e-8f38-e19a20ae7c65,1,Professor along opportunity organization notice month around political purpose.,2025-03-28,9
d054eae4-4b98-4e75-8b50-beb7131583ae,138,dbd2db24-7f64-4663-8b2e-e217679cdc92,3,Decision something attack wait senior country book ok approach measure skill onto production indeed us woman never manage professional worry.,2025-04-09,20
0879a1f1-964d-4dfd-81a2-707ac4c2ddbb,273,b880bbc9-e0ab-40c6-8757-4f01b8617d60,5,Player friend center just summer home word physical push audience region forget star.,2025-02-03,13
ce1cd1ce-dc85-4689-b762-bcd0a30825b1,235,1deeb501-b702-4efb-95ad-27be9eb5c5da,3,Majority keep exist media long speak my court we half guy place put story close stay democratic.,2025-01-05,17
fbc674d2-53f5-41da-8f81-bc4e6ebddd10,375,b49782f6-8544-454a-9369-c43f4616ef4e,3,Continue positive weight them difference item quite none serve live growth forget.,2025-03-24,12
a1226837-08dd-457e-9d0b-77e01198429b,308,9731f6b0-b966-44c1-b0a9-3b06462d9d9c,4,Down so result travel fire federal with often final tend.,2025-01-06,10
94d2c856-3ad1-404c-85a8-34a71c120662,181,f9726172-9ff7-49d5-a112-2f2779a0ef7e,3,Well along third party election fire city coach then we finally hard their score decade development me reality southern.,2025-06-04,19
83021536-a466-4281-aca0-f083d08a7fc9,289,f34bb2f9-e6bb-4c79-9e9d-e47c9cdf2caa,5,Law decade today central assume air choice back evidence least pull former approach else.,2025-05-11,14
76c6bfd4-f9c5-4a64-9efd-a3713c3d7c40,209,356c3359-4bf7-4b90-96e6-2546bb573517,3,Improve list accept have himself all show a baby pretty it.,2025-03-11,11
ce7daf74-cfd1-4551-a2b7-5705c4133df1,126,775724f3-0ea9-4e73-b5ec-2b03fe80c1a9,2,Character hotel rise election team everyone tonight later east moment reach marriage democratic visit wind.,2025-05-12,15
04f83376-7478-4eeb-baad-ec4fc658032c,178,45b6ccdc-2ebe-4909-8e25-f5c1b8ec8bb5,1,None despite quality nearly gun music cost policy but read inside to manage deal great police action term.,2025-04-14,18
07edfa7b-4024-480b-8667-e6b0fafab688,373,4b615c39-34ec-47ff-8f56-e9fc67da6b2e,3,Organization occur effort research truth picture doctor loss can number box worker order purpose various establish.,2025-03-30,16
efb72fd8-a14d-4323-a2f1-86b54da3443e,349,77cbe5d5-e703-44f4-b1a2-4ed32c7885cb,5,Evidence building audience adult spend able past anyone head account these within box purpose push.,2025-05-29,15
7c565fbe-7458-4f6c-bf90-480ae5a967a4,409,b3e7d711-a646-4408-b94d-f5ec1d81c04a,1,Truth pick size building man use environment return standard accept just make budget present year ten.,2025-04-19,16
805b9e9d-ae48-4b32-93bd-fb709d675164,177,5a6eb9fd-e059-4d23-8e4d-b680e95a6714,3,Else college however water theory six pattern tend free thing something economy organization main address run down nice read.,2025-04-27,19
48b8d456-f28d-4b0d-ae7b-154b54936b08,348,ce1a3b1c-1def-4db0-8fcd-76ef5c261a3f,5,History star answer financial next catch similar close big pass success capital middle million himself everything company quite whom case.,2025-05-16,20
66153649-c3f9-4bdd-90f1-cfb2a56afde4,177,35c04c5c-4694-4a2e-a950-c1ab0875c0e2,1,Keep nor girl Democrat phone machine involve election site house face member produce school example lose the large.,2025-03-15,18
e88455c6-707e-40b9-9ed7-3a92fa4752bc,187,cd7663d7-4d2b-47cb-a711-6fe7b9ac96af,5,Play under her interesting wait interesting who set realize support suddenly adult.,2025-01-30,12
c7f78699-0f33-462d-bae8-254395864cbb,487,ba42e618-1882-47f2-819e-f9b0eb8af984,4,Cup happen air wrong agency chance else board fear may.,2025-06-09,10
4bb6653d-174a-40d9-9bef-2c82eb96119f,331,e3f07b6f-ce5f-4ad5-823e-832845fd4da6,4,Base government end building only south fast law heavy lot occur discuss those put whatever much remain travel.,2025-06-17,18
19668ce1-f2ed-4c6f-81ab-9dae19492c8b,182,883d4ba1-6bb0-44b1-a4c2-5d506fb8b6ab,3,Necessary lay ago address practice or but economic training degree suddenly three stop while organization boy court style.,2025-03-20,18
6ccda21a-07a3-4766-93d3-cd04f80d3e50,361,d3db6cc3-2241-4b17-a3b8-57b927d128c3,4,Identify just former suggest fine first surface know research care yes participant.,2025-06-06,12
0611911d-b64b-40f6-a1e7-a3c86b8e8ee7,351,7eb2b39d-6d69-44fe-98c6-12b011d37aeb,5,Upon marriage figure class put late cause old production.,2025-05-11,9
07bc1863-8f61-4206-9a9e-ac2dc6f656c8,450,ff1f74d6-91ae-4f3e-a07e-22d8a57648e1,1,Kid security contain you some board south million she personal world attorney see summer.,2025-05-08,14
b6812acc-b79f-44e0-8db7-16dbfe953135,100,4a192b00-ad36-4f58-807a-f7722dd44f83,2,Push thousand child though star health another man make that.,2025-03-10,10
322732b4-10d7-43c8-b991-4af3fea186ce,377,7c2d9021-ac23-42fb-8662-1819708de2b0,4,Return level suffer raise every benefit official contain school strong crime finally tonight sport particularly song.,2025-03-24,16
6b31ee93-7c08-4553-a969-ce8b47929df8,260,4483482c-6edb-4e7a-8da9-701a7176af5d,4,Believe past character listen time along young physical into.,2025-06-04,9
457754d7-eeef-410c-a3cf-ed79aa19b84d,362,9b64e665-1c31-4a20-931f-21c2c9952a73,2,Road too all nature large people in provide fine artist language international throughout people American building admit system.,2025-05-03,18
cbb3d886-bd39-4dc6-8ed8-a6621387eae7,374,e732a2a7-5bbc-4a16-a106-2d5b187eba2a,3,Reveal improve father tree memory their forward answer organization live six child.,2025-01-14,12
03317ac2-e1e3-4dc5-bf74-39427cafe972,171,e2ebe5db-943b-45a0-903b-bdbdcd3f4552,5,Notice cover PM as suffer gas guess teacher focus too which become teacher than also activity friend.,2025-02-19,17
1c1d4eff-7f1a-44f3-8682-3a2f2e7d21ef,365,25d35e57-4410-406b-8fc1-514a6f3aa86e,5,Television Democrat no site sometimes source color all event.,2025-04-25,9
81d45858-fbb3-4402-8b14-f84c8a63ac6a,142,1e4d6033-0bcd-482a-a5e7-422591bf9c09,1,Run policy avoid body sister set yeah over oil.,2025-05-06,9
0d94025a-7d34-44f2-b33f-f822d5d76f5e,495,0554564c-70a7-4fb4-ae34-c34834411d4e,2,Black large animal mouth race manager through capital quality Congress.,2025-01-23,10
89ff64ba-b4ab-4db4-b55a-be67891ae041,354,d7d86445-eeb4-49c5-b0bb-c3ecc8167f67,5,Worker evening person third detail image life inside explain hear adult draw some foreign customer what appear first toward offer.,2025-04-21,20
f61852a9-6ae9-48cc-bc86-9148f00b0a47,236,0c47c9b2-505b-45cc-a9cb-7b2fbfd43182,4,House around place member reflect peace during middle foreign along.,2025-02-08,10
1d0ae61a-1d1b-4e53-bda8-d0cf619c380d,237,0f79aa77-a522-491a-86be-c2920d8bac86,1,Artist stock all finally choose example no adult car college kid life listen yourself city today which.,2025-06-14,17
9e724241-d385-4f43-b4db-cc8a70feb0cc,354,913bcfdf-ff3b-4649-af14-174f2a5bbff1,1,List quickly left add operation top response around wish realize production.,2025-01-25,11
3e91b650-990e-45a9-be26-20cb915dd4f7,337,5c45088b-4747-4b6b-810d-cf6900804e16,1,Late require answer often property clearly plan power clear send ask which miss nature focus check world.,2025-01-23,17
21f94811-7b09-42ca-82a5-20812bb65a3b,336,b8476e49-b1af-4de1-89e1-0d9d84709f9e,3,Step all clear parent top science instead high employee.,2025-05-27,9
56a9feff-d274-482b-bb59-7e6a7f5a4244,445,d0bd4695-af4c-47f3-b320-be1dd2da20d8,4,Itself dinner set the Democrat possible meet east spend tend particular girl front.,2025-03-21,13
d6d2d007-faa1-48e1-a75c-9d7867d4542e,240,6be4e99a-97da-43fe-8c83-30d278df745f,2,Everybody painting customer themselves yourself lead he near maybe past someone imagine decision picture into indicate.,2025-01-06,16
48cca3e9-f693-4d86-b0c4-a256aab7267e,322,fa66d973-32fa-4b4d-9cc4-7befd1baea47,3,Should soldier mind we more wear black respond generation suddenly.,2025-02-17,10
f6401afd-c807-4d14-9720-d513349bd0fc,430,6bea24f7-00c4-4341-aac1-c26aa8f81dc3,3,Enter office alone commercial listen national ten key play family place example support name write continue center.,2025-03-07,17
e240d1fc-5f0e-4b2b-9b4a-ceda572325cc,418,f314db6e-2473-4fc8-adcd-f47b653dd415,3,Thus present serious window with kid cut ability as push data away exactly power detail case because.,2025-04-27,17
28508a29-d1e7-4eaa-977a-f05615619f39,422,6fbb7757-b662-4ef7-a2ed-79cb202d1470,2,Performance worker adult resource positive couple glass according and traditional bar information process real behavior miss late.,2025-06-01,17
1a068c76-28a3-4e8e-9d4c-e82119afdce7,357,d6c8501a-9602-46b3-b11e-a5444d824e3d,5,Result program former report shake war college those agreement seven degree cause environment really off check describe.,2025-05-11,17
d54823aa-aa48-44e1-b20a-4d412113d8e2,495,6f41fa93-923b-4d01-b4e0-5d06f9469119,4,System foot reach painting operation two like today offer there score and.,2025-01-29,12
47d22575-6693-453a-b00c-03dcb24bcdb6,293,e4ec0c98-d58c-4d75-9e9f-b04298f0b5a0,5,Natural language number class next fact land himself trouble interesting without there direction note view side later model.,2025-04-03,18
ef479f96-1458-4522-8d37-dbe772fb2972,332,29c6d17e-92d0-44e2-96cf-0219bc940d7b,4,Enjoy factor mind before blue nothing nor street wall lot choose.,2025-03-17,11
03f11981-6c33-4a29-98e8-b5874d718ed4,427,3ffab2ca-272e-469f-a031-b4b6ecd46715,4,Chance significant value right behavior what find image risk charge light chair door.,2025-03-08,13
82ae3992-f240-4dfa-bcaf-d29808c03485,379,6d7e57bf-e9b1-41d3-bbd0-ae03eadb5f30,3,Give current billion page threat other life color sign cover.,2025-04-29,10
36e9a8e3-106e-4856-80a4-9b565de8c403,241,51576433-9968-4e2b-8a6c-d9926410a8c7,1,Year short soldier husband other network difficult task however fish computer fill build city possible sing fast statement religious.,2025-03-20,19
4f7adb6f-f5c2-45e5-a8bd-8c66222f7b56,249,6d463b17-4213-4fa7-bdbe-ff57f7b2d111,4,Reality fly go remain themselves recognize without and fight key strong admit film sense such while early trial maintain.,2025-05-20,19
46d50b00-dd8b-436f-8b7f-99449e3960f6,247,9efb65b7-f489-4d0b-b494-c40ee858ab7f,3,It college trip clearly about record over cause free seat full away think probably past reduce.,2025-02-20,16
541a5261-fabf-4d0c-b41a-b82977627947,317,56fa03d0-b8cd-4695-883e-46b18b2517ab,3,Study clearly nation be dog fact know economy budget professor movie reach skin action everybody choice likely my.,2025-04-24,18
1a985fa4-f449-476a-bd67-89632603550b,400,8ea576bd-b410-45be-86e8-7dbcac91ae18,1,Forward garden play board buy better bit language western model type fly necessary its almost.,2025-01-08,15
a4c460fc-a41f-4092-9669-a54f1f3a1f43,475,526978a7-1bd9-4ce7-8513-d23f5f67299c,3,Information bring along notice stop use could police past represent wife example risk either continue information.,2025-02-07,16
4500a387-e665-482c-b2a8-a7641e40cd65,207,40bcdf33-11ad-4b60-a42d-4571c214d8b8,2,Opportunity people two senior now PM artist require international if answer begin capital.,2025-02-21,13
6d9a757e-ebf5-4805-a9bd-0de85fb1d301,376,55c580b8-ef1e-4599-89c5-b1faba023106,2,Mr job strong can idea travel morning draw little recent central trip away they data.,2025-02-12,15
cfb153b3-03cd-4534-a499-7eed726c5c43,429,35accc9c-2dcd-4898-ba79-ab142721c6d7,3,Argue day together environmental meet value staff recently read after life box including.,2025-01-24,13
d2801f0c-6803-4454-9da1-b5507cec5ca6,199,294d94e6-6d72-43e1-9241-905fc0ccf70a,2,Nature oil eye identify attack author future war prepare to sea science same new late although hard agreement wish.,2025-04-21,19
23555dbb-c596-4248-bb22-b362e23a355b,229,7a366a18-b3cb-46a4-9c0d-3c0f97089455,3,Approach recently general wall smile it detail mission store computer protect region moment kind from test.,2025-02-06,16
fa5dc911-78f9-43fd-ab13-952b98a54295,235,c06cd301-f09c-49cb-9662-a5ab2507dc69,5,Oil market open safe special stay either everything fund allow civil history stage class customer minute security many.,2025-05-12,18
7868906a-5a76-45e8-a3b9-0a764517df51,369,a4709ef3-2928-44b4-8260-ad5ac1f05583,3,Step dark hour call mention onto wish moment then single special above shake that.,2025-05-26,14
e0d09553-33d8-4145-a880-24abbe840ae6,309,fcf9b2fa-2051-4648-889f-f52b25383ac9,1,What within few set technology lose music forget appear stock fly eight home mean.,2025-05-10,14
3f57dcc0-be00-46ce-8ed9-d06987694d72,100,c7cff834-a287-4d99-b482-0adea1c7b03f,5,Degree west stage respond international describe sing we information.,2025-03-29,9
ef6d9301-a37a-48c8-aeab-cb50e6f64fa9,388,cdecb4a0-de8a-4851-b046-2fd78a0aafd1,4,My agent quickly which dog yourself pressure agreement young international light poor old point.,2025-05-05,14
3eeb12f0-7a3f-453b-9fee-d9bac52a4c1c,454,646dd22a-8e7f-439a-8ecb-b12d7e1ea2d6,2,Together yes model describe movie low degree it away rich with leg table report part public note.,2025-06-03,17
f627ed6c-9954-4754-b109-79664f2427e5,210,eb8cd351-5eae-4498-88ab-fc2af0c62d57,2,Part approach plan store between parent make identify trade its military million.,2025-05-16,12
b30a9c11-1873-4ec4-b080-8a61543b60f1,496,6b5235d0-f2b9-45d7-8ab8-6e03e12f3797,3,Sport despite speak walk grow condition soon rule partner sit far.,2025-04-14,11
a634cf25-e725-4f9b-94c7-c6457dd166ee,248,f89ee555-8b4e-4f91-83d6-f2086ad5b3eb,4,Director tonight language future many less list prepare prevent mouth cost let American ten certainly theory.,2025-04-14,16
2257dcd5-6f20-4f2b-ba7d-137307076528,203,1177c21d-bcf8-4d5a-ba59-206690da7e91,3,Role public all those fall time near film place throw act suggest cell security.,2025-02-10,14
b1413b70-a0dc-46ba-9572-d3543bb493df,249,ead9769a-fca1-4a2b-bd42-0296c0a9b83a,5,Still car old and language word direction alone admit speech continue ready change his behavior staff difference six half apply.,2025-05-05,20
a5ad7ee7-642d-4ef7-a038-4d461c7356a8,151,91e2ee19-c19d-463e-830f-4b828cbcbe14,3,Whatever think unit identify Democrat lawyer to well enough any color more myself forward middle but play affect side.,2025-03-16,19
0cfb4935-614b-4f21-9eba-232b1105d54a,177,fa393890-6182-4465-bc4a-358aeb6a9613,4,Common much true indicate least fly much nature week serve whole already article born threat name Congress where morning.,2025-04-30,19
e5174525-01ae-4078-9847-def8577f3538,404,8689aaa5-619b-4875-9657-1d9e17cacae9,4,Right able well law rich case executive future bag stay age audience agent increase in base hit face different.,2025-03-07,19
9c6104ae-507d-449a-bae3-decb879f7c9c,108,d525ba25-291e-461b-9fc9-ace237924007,3,Democrat prove soon fly simply house employee figure modern.,2025-04-30,9
60a3b175-0c16-4f99-a38a-c6f4459169a9,337,318ac5e5-261e-4784-a142-c010a88078d8,2,Prove where job house media social drive message itself that any huge effort everybody involve in data garden unit side security.,2025-03-25,21
2146a40d-72f0-4de5-8323-e26bdf702498,373,d3c94628-6801-4f55-84e3-d36d63c595c1,4,Rock plan effort thank far state series reason information add buy player policy few finally.,2025-05-10,15
5d225c6d-e456-4803-9e3c-a5de5d430b1a,245,97bad813-0439-46b3-b90e-0becb5427b7e,4,Account us half truth kid north around partner check large.,2025-03-12,10
7f95186b-3fb3-496f-ae68-963ca896aa84,363,56680d5d-e6ad-40fa-b1f7-c7fde36209e4,4,Author shake hot manage car must down pattern education matter choice shoulder term party perform visit.,2025-03-12,16
5c0af5f6-d163-4c5d-ae99-c150b58e9de9,270,33e2d4b5-5557-4835-975c-8ee1d4269382,5,Back language rest collection edge water can fish hear agent blue gun eight officer four.,2025-03-18,15
76167149-95ae-4fab-8c03-f1f9d0dc2ef5,204,5e527a98-80d5-4eb9-a3f1-5c3574ca7fd6,1,Account police plan world second thus product find else various.,2025-02-09,10
3bb9344e-1806-4045-86cf-1e7fd2fd5e96,324,71ab5399-7c8c-4617-b682-afa64661d675,5,Skill hour two close lead step letter teacher successful knowledge.,2025-06-13,10
ffd85c41-0c62-4d12-b578-633fa4f8356f,106,32c31c7a-c8c1-46e7-a097-6de952be52ac,3,Letter capital a personal design admit easy international good face team organization view or.,2025-01-06,14
ef783941-5cf0-4c46-979b-f4293e6513bd,116,9185b39c-66cb-4bb7-ae00-791164f1b12d,4,Story when kid dinner edge positive effort among whole card entire author it hit expect but.,2025-05-02,16
cbf2d0f2-5134-4c84-a1bc-08deadfc15d1,453,dfe5425a-133d-4926-a5ff-b3af6b469cd5,3,Without work region exist less something protect significant relationship reflect.,2025-05-01,10
d57b6c7c-699a-487b-8916-36b093a89f35,186,ce2ebe75-f443-4fb0-8d32-33203d48961f,1,However around defense her benefit tell television oil list floor hope.,2025-04-28,11
db081123-40dc-4ceb-b09c-ea4083a92e63,116,954bbda6-5f8f-46e6-a6cb-f424916a9762,2,Law plan claim care food day set about agency.,2025-06-11,9
423a6d6e-5228-440b-8fb6-ee3ddd9cdf70,487,1ccd8cd6-ab52-4f69-b17b-31df559bf785,3,Level her trouble environment subject only toward already part.,2025-03-29,9
d078666c-649e-401b-88f3-05259530dc1d,112,c19cdd37-e700-4873-8420-cf858def38b1,2,Maintain simply color finish among office me moment check.,2025-01-09,9
d19f563a-a692-4110-ad3b-14315b6789e4,414,bf7edc8c-0681-4aaa-8d70-5ff1e49caca7,5,These how policy see policy news country direction operation former base by arrive.,2025-01-24,13
d1feeec2-cc94-4435-adbf-48d78a3fd45d,394,65453ad6-5b55-4b01-9a8f-39fa8ec9d4fe,1,Player help adult large determine whatever learn feeling eat design everyone pick ago show couple move weight participant sport reach.,2025-04-10,20
13d2fd84-ce28-4871-8174-0c76437158fe,369,c9c90f1d-b167-4c4d-b8ef-17b008c58209,4,Sometimes idea fund right represent focus chair strong others would special certain material east argue force interest discover attorney model campaign.,2025-04-09,21
46e01a34-8eb6-447d-9c9a-337170de893c,216,0e47b083-3964-479d-b44c-0e666b94b333,2,Computer woman write serve baby yet expert late rich probably management recognize few threat hotel administration thus ok medical center.,2025-04-14,20
77f145e6-8365-424f-9b4b-81c2739bfce4,278,97ea9ea2-996d-4015-ac33-5f59bd96e78d,4,Three the car career sea course strong senior while effort visit available arm something.,2025-03-11,14
1fdf84a5-2970-439e-bf20-7111a53f93ea,294,92f836c2-472e-40c2-af81-ec95bfec1f5c,2,Product miss media firm feeling pass example agent value area picture subject medical treat like table son single.,2025-02-01,18
6eb37c4d-048b-4083-8013-a0f7d7213e86,318,0f28a1e7-f054-4148-87a4-cd4862984c6a,3,Several morning people his behind discuss base contain main player speak pattern follow parent law image learn.,2025-02-06,17
8a87c73f-5ec3-428e-bd98-98c4ae93cfe3,426,54348812-9fb5-4d30-9351-4f65bf851f28,3,Conference teacher finish risk partner happy role occur news finish yes note heart number throw election prevent.,2025-06-17,17
f78baebf-f19e-4a28-9652-8ad456419766,307,9dcb263c-de1f-4eae-a75d-65a706182f37,2,Hundred choose support such author foreign similar make to number friend soon fund national subject.,2025-01-31,15
aa925e68-3def-4669-bb37-83a19832f27f,487,7bf57c2a-ffea-4f27-87e0-f1c27d5a8b13,3,Hear resource campaign guy risk feel such allow conference these place.,2025-06-16,11
72318eb1-4678-40d1-8cff-89d44ad49cc6,417,c646c01d-4d4b-4070-aae6-d421a983d7ef,3,Push case near child cultural couple between character admit southern subject leg.,2025-01-16,12
d36e85c3-f322-47ae-86e8-94526bc1fe00,113,79f80dc3-f22d-4ee7-a2b5-9fc5f58a9b7b,5,Camera mission think protect television guess wrong watch believe two case establish similar his foot.,2025-03-14,15
5816ba84-7fd8-491e-beab-d4b9767cfcdb,347,5301c59b-bd69-4230-95d7-49898b18bbd1,5,State door should song charge management if late know after one cell someone magazine also general go need.,2025-03-25,18
c1988486-0069-47c9-94ca-78a944727d12,222,ac2558bd-0ac5-4734-a39b-c95bbc6c8e85,4,Hotel thought sure significant suddenly action chair member near I impact threat glass likely tough indeed leave table.,2025-01-11,18
6759a868-491d-4a0a-b106-a96c72816880,410,9b6f61d4-4ce6-4a3a-979c-5136010e7042,2,Center stuff today without share great deal travel everybody themselves vote now.,2025-02-03,12
9a2f48e4-4cfb-4566-bdb3-41bdc515f158,419,daeaa3c1-1add-4518-91c4-1dc08df9ddae,5,Court show media while try another more black see billion figure marriage.,2025-02-19,12
b9096184-a063-4618-9c43-e569d113622f,442,e5626ba1-8857-4e8f-8523-c41cb7a34485,1,Employee line wife environment free available city peace teach evidence career word risk avoid occur dinner evidence use industry movie.,2025-03-20,20
301cea9b-b43c-4f0f-9e3c-655d85e08480,472,d69ef8e8-b5d5-4952-b4fe-4897d3179e68,4,Difference hospital fast above ability respond after recently year leader quickly with military author decide.,2025-05-15,15
acd68c1d-3330-418f-9e30-db253fec8f12,346,d4649389-ebd3-4d0a-a2f6-4edeec3d92a8,1,Central value common lose former them respond nice opportunity stock.,2025-05-31,10
00c30fe4-7964-47ce-bfc6-64f8958a8b25,135,74ad7061-6b26-4430-a15e-c2786ec12949,5,Source show land church score goal charge can wrong leg anyone however it read game still station American between claim.,2025-04-19,20
0e037ece-985d-420c-8e8d-09462d30f820,142,15c4e774-343d-4608-9584-5328cefa78c3,3,Look mission many base hit yes area environmental look story organization behind as out long professional indeed picture sea woman.,2025-01-31,20
0374c559-18be-42f6-995f-78244fa08272,201,80c1aeb1-a6f9-479c-a27f-fe83aec86e93,5,Soon what four early different story their baby party old pretty.,2025-06-02,11
47e121be-c61a-4a87-9244-f6bec21df450,144,faedc09e-7158-40b9-8f4a-61b72218f6df,2,Call half everyone generation trial house eat learn buy music not care guy.,2025-01-19,13
610feb36-dcd8-4d0c-93f6-07ebbaaddf71,235,74b4a9ea-9ac5-49c5-9c8c-ea26f8fa736a,3,Boy while tax career we save last leave book foreign career later gas among fast drop leg book bar.,2025-05-12,19
1324bf74-1e0d-47d7-ae9b-66977c63450e,231,90d35a02-7fa3-4e18-afdd-c92a7396c9c0,5,Idea ground especially personal partner ahead strategy far wait technology small read player something quite meeting society newspaper represent.,2025-02-06,19
727da60f-b40e-4a1b-b92c-0bf7e359b28f,412,d93b8701-5ba6-440f-9924-6a25d36738fd,2,Floor fly view nearly of deal investment board southern quickly interview soon.,2025-05-09,12
52bc6fc3-ddbf-4a40-88de-2cf5018177f3,321,054b3525-493c-482a-ad47-5afdaaa48da7,4,Them others myself answer friend debate game modern else able politics.,2025-05-20,11
1a8061aa-a82c-437a-8009-91dfdf3c8577,242,5d1b6ac3-a4e3-42a7-bdc5-45c9d33d9390,5,Whose myself individual note almost camera little fund discuss value theory thus part fill difference bank speech letter she first.,2025-02-27,20
709f2e87-2515-45ea-aa7c-333628ebab16,374,d21064b9-9937-450a-a31d-53a677a75461,3,Tend can reduce in live civil detail pull agency meet nature thought response hand enough own lawyer cold world.,2025-03-26,19
ca90f2cb-65b4-42ec-83d8-97d7f5e967eb,351,c37c46fc-e7a8-46e4-be85-840c98d9504c,5,Despite choose find girl structure page score among tough kind world interesting director different carry television specific.,2025-05-19,17
28ba40d5-d598-4136-a3bb-354e3c3d2d58,416,051fcf83-7368-4c25-b1d2-477ede52de15,1,Bad identify boy phone sign drive actually security economic material theory what just its.,2025-03-22,14
57158991-a2a2-49bb-be87-7912cb381b56,221,e31abb29-3e19-4a05-a822-0f1da0c43d3d,3,Huge both instead level claim resource guess lead can tax health of service.,2025-03-16,13
5f6f2e92-5d21-4d88-a9cf-0716489a4c51,273,3d9beba9-7493-43e2-87ea-f7183a4efa42,1,Head wear maybe believe late collection value last behind possible north ready family.,2025-03-07,13
bdd9b008-4136-4f38-b2b2-ee05d553cdf1,480,6745a010-ed7a-49ed-b543-83b7af32ddd3,3,Simple choose decide senior democratic service stand nature heart responsibility science to.,2025-05-28,12
f6547a2a-42e2-4ca4-afdd-45ecdef63749,372,5300f239-f440-49d0-9320-61244cafc77a,3,Seek support speech shoulder unit born talk involve middle against.,2025-05-19,10
57d3222a-9cab-427e-ad71-27ff5ff2cfa2,103,4136b8a3-025a-46e3-992c-8d50af4b11d7,5,Effort brother former quality if whether feeling talk similar owner space pay opportunity color responsibility happen.,2025-01-31,16
9e6085e2-d451-40f7-bb19-bdbb792a182b,439,9d4185c1-37d0-4aa5-a44a-af9585a251d3,2,Exactly decade everything talk lead activity language group thus our senior few out exist.,2025-03-13,14
75a896af-dbe6-4fde-8217-3da99ee79f5b,390,f2b3e5cf-698d-4f4a-bfae-7ece9cec94b6,2,Start knowledge thing above according hear purpose hard his issue daughter woman back front major.,2025-06-06,15
adabac3c-d643-4cb7-a920-5d4335cae0a0,262,c0160d3b-5732-4841-b51e-eaa51f61507d,3,Oil woman seven act same young wide before different realize look network reason amount call.,2025-05-02,15
c265fdf6-7763-4cce-bec1-18314752c77d,354,dab5dda2-faac-4ab8-bb49-9792bf7ba256,5,Treatment ability brother research finally audience by approach memory quickly yes second do ago experience blood.,2025-01-14,16
0eb011b9-a80f-4f8b-879c-bc3b88861ec0,156,c6a59c94-86bc-4336-9834-ce196fd0b49b,3,Moment how performance model keep win address compare sure oil.,2025-01-04,10
8bca2ecd-5db1-494a-8b8e-2513c40ffccf,255,efbec2f8-e833-420c-b2a9-4cc1765c6b16,3,Employee alone still baby grow southern represent able across goal leave by and mouth firm price entire sense.,2025-01-22,18
b39ed31e-2684-4b15-b940-17d4bf56d27a,238,f85b7906-1fb2-4835-8017-4cdeae17b8e3,4,Present require doctor possible sing catch finish relate treatment no parent word behavior sit.,2025-03-16,14
4b91aed8-0846-4838-a24b-88135c941d90,480,137753e8-ad07-4d91-a9ea-a1c8f5906bb7,1,Teacher itself save police door interesting grow themselves yet girl scene care.,2025-05-13,12
91c96dd9-b502-4479-96c5-1cd3ad1a072f,218,815e4827-b99c-4d78-bda8-0f6f71ee0f80,3,It hard player culture pass movement vote your police much.,2025-01-15,10
0434332e-dade-4661-ac7a-217c2cf228fa,191,ead1aa34-e74b-452c-b88e-00dc33b59030,3,Enter fund impact street hold create detail practice evening.,2025-02-25,9
c3ceea8f-06dd-405b-943f-866708f077df,358,5ae3aca2-507b-4fcd-8b40-923c4f1e8a96,4,Special compare write join happen girl send career couple company write will suggest item property bit physical.,2025-04-27,17
51a9890c-0749-4505-850a-a3dafa658ddc,318,6d9d3cf2-bdd2-4145-8469-67734135b664,3,Travel end poor long pressure leave field order western point.,2025-04-06,10
6a84b955-2eb2-4858-a29e-7b1437b3040b,455,dbcf38b8-5c89-4eb2-992a-5c37d9fdbe1b,1,Family member of kid best outside former game evidence.,2025-02-21,9
e7ec2b9e-f884-41c0-9201-d519363365a4,176,3808575f-7332-4896-9d85-a120f73fa0fe,3,Resource local program also car life interest protect some government create include.,2025-05-13,12
e44745f7-e515-4da1-9731-11a0503d2893,138,34a9cb49-11a8-4252-a5ba-b8626067d309,4,Behavior oil decide series hard pattern service idea send condition staff protect bank.,2025-05-21,13
0e7cd68b-2391-41be-8aad-84d91d3bfdb9,361,8f53994b-5594-420a-aa8b-4b6452ccc6bb,2,Also the figure house fire this air no himself population to if game stage purpose stage.,2025-01-26,16
dde27184-b2c7-4f61-9191-746a5b9fea76,219,0ed35393-45d9-4f65-855d-73ee45628b95,4,Politics suggest Republican when color no coach yes one method always various.,2025-01-12,12
f2d3a3d2-4ae1-4f95-9636-c05e65d162ff,275,d03911cb-277a-49a1-a36b-48a627d56c67,2,Official minute area drug billion anyone son war city number deal push.,2025-02-10,12
2d31df23-bf05-454c-9733-3ed9e926b73b,348,80eb76d9-6fe0-44f4-9259-94d270779154,4,West truth step else market decide again turn population main particularly treatment scientist history pattern almost feel wind.,2025-01-01,18
585e59d4-45db-441f-b420-0aef1c78f154,347,b0d28e07-33da-4a24-bcdc-e77785a18322,1,Win Republican staff model several claim leave resource white happen land price garden bad drive here situation chance.,2025-06-09,18
76afb926-98ff-4d81-93cb-bd8b13caa153,449,9f66bc14-1959-40bd-ad08-90db66ec7787,2,Small thought season beat human top sound low ok worry crime marriage.,2025-01-18,12
ab208ab6-ddb2-4f45-8a1f-dea546bf8429,129,a94596f6-c28c-4549-81e9-1ac9269322ee,3,Receive I member reason level someone forward you will worker station film.,2025-05-07,12
86159a73-c1d5-48ee-8038-5fcbbe34e81d,380,ead7b65b-a1d3-4999-9154-8210ba97d992,1,Sit probably for wide add speech when laugh check run serious act class music manage focus human think reason place pass.,2025-01-20,21
53d19aa2-a612-4e88-aa78-94a2286a39e2,414,3da5560a-b205-4a83-aedc-c88fe81d2405,3,Worker before pass off would least several goal cultural direction city business time large blood right shoulder walk receive.,2025-02-25,19
2b997841-3443-4b07-8f58-ba8fca9b7d28,278,a3ef2ca4-b619-4259-9e74-50d12941d951,4,Off country idea at start customer join moment answer why.,2025-03-10,10
1b28a23e-327e-4834-a151-b4517fd02bbf,441,5e4c5039-0b6e-43a3-b554-fd2d6a570ccf,5,Energy life travel church stuff name gas already range note own.,2025-02-11,11
5b469488-992f-4cb6-8113-770c3cbb0aba,209,03276833-bf4a-4e37-b963-776ac2a9674d,5,Shoulder play recent team week sell property economy woman prove.,2025-03-23,10
386b9791-bbd5-4638-ba4a-fa517ce76e26,482,eadfabd0-9bea-419b-aea3-bb8912caee16,5,On tree people strategy else budget few attorney prevent make him line lose.,2025-01-26,13
877ff2de-ce9e-46f7-9f8d-7df56b6f4224,280,d8f9e370-dd41-433e-bafd-2cd370d31717,4,Eat exactly still charge put west within tonight out minute item.,2025-01-12,11
a9218cdb-0514-447f-9862-81d3f1ef5af5,108,e1359750-be75-43ab-bd17-367ed1415e68,2,Serious over management minute class key piece rule find when again to year should blood believe indicate.,2025-01-13,17
94ee4e1b-f548-40de-8c16-37c223c7aeff,272,2d5c3a18-e733-4915-ab1c-510f80fb6902,1,Less agent TV rich two little case easy kid.,2025-04-18,9
42e8118f-4ae6-4f14-a8b3-b938f6f1da76,296,a2a26e76-4bed-455e-957b-b515c9e8695b,1,Rock especially store would economic alone specific on mission you within training parent.,2025-05-15,13
fbdc54db-3bf4-4348-aeb2-5146f3e1db3c,348,4c14495b-5d39-4532-a23b-44365c71cce9,2,Sort take order food including unit others right activity film school use name process.,2025-04-11,14
f7ac7403-86e8-44d5-b1b2-3f33b171ae1e,149,d69fc135-710e-44a6-b186-b64ec3dd1101,3,Opportunity lead rather reflect boy station family party current four accept billion before but fund.,2025-01-19,15
e7487081-f6cd-4314-8d80-57df4bc8b97c,156,f2b86f80-f4ed-4e61-8077-f33c1f57b97a,1,Design party beat box also country hand increase street recently every leg action wide worker special chair seem out board.,2025-01-02,20
7444366b-ab7d-4186-97dc-4e0d131dc066,403,acdc9ac7-3d40-4328-9fcc-d945230fed6f,1,Whom style owner last official see pick agreement talk wait her any newspaper this sometimes say share point company.,2025-06-17,19
a4765d01-5a1c-447e-99da-ddaf3be28d12,394,cb24bac2-c3f4-4201-bc78-1b06edb27ab4,5,Church account call concern military wind guy cultural west.,2025-01-02,9
1c7fff09-ae92-474f-9417-359c8d580f4b,248,f6ee1be8-b107-495f-97c0-4a0b76fc0dc8,4,Animal myself in and tend seem model early improve yard word several economic decision number since newspaper goal its.,2025-05-12,19
47ce1051-b9fd-43b6-9491-6ae7572aaa48,331,dd728207-d29e-4433-a48c-ca922a378990,1,Resource board society billion Congress measure someone glass ok rule defense strong green image tell analysis society decision eat understand surface.,2025-03-10,21
65de5538-1c6f-47dc-8eac-406fa3830cfa,384,867affb5-59b6-4a9a-8f05-9a34e24aca73,3,Support describe remain order know fly onto approach right better manage say bank nearly staff item decide much five.,2025-01-11,19
34129789-5a71-4b57-91c9-f2de20db4de8,464,3dad3354-9b31-4d85-8397-ead7abb816ac,3,Necessary season mission despite eye stage hour item stand continue group.,2025-06-05,11
d4a9528b-25d8-4dac-9044-99d88c5c9a5c,187,8369d69f-d71a-4e8d-90fc-718369d141fd,3,Rule cost station weight agency buy water movement society.,2025-03-04,9
011c6e8c-8e88-43d0-8da9-1c84ac92d4b3,129,94d1f123-9e40-4705-9427-e1434c00a076,4,Anyone usually guy knowledge coach base form anyone happen law candidate growth approach fight wear media night old even.,2025-06-02,19
9ff09edd-4a33-437d-8139-7d153e65734b,292,00ccb12d-d752-4e8d-854d-3511ff89e8a6,3,Commercial evening choose collection dog enough quickly season player large authority kitchen blood step financial pick else.,2025-03-25,17
9785bcb9-d3e7-4e90-8615-28870998982c,417,ca6e8718-7d44-4310-bf7c-55860c0fbd4a,3,Challenge free technology analysis reduce arrive image coach bed will instead character important kid thousand what challenge person oil everyone.,2025-01-31,20
d97b4216-41c6-4bec-8b5c-7e258df47106,102,3c8229f0-841b-43ab-8ad5-3e6c750df4cb,3,Into develop avoid let small word table theory different manager practice computer response.,2025-02-11,13
af3e996b-45d4-4610-8ac1-095f811b07ec,425,ae0b58c8-eed6-4cd3-8f11-85dddbf56bcd,4,Allow teacher crime hospital difficult Republican authority system risk it can long hot behavior.,2025-04-16,14
1b8e9c53-69df-4fe9-8e2c-a22fff7b3ab4,125,ac9d25cd-45ab-4444-9827-569e09e5bcd0,2,Hospital lose investment factor television former father front born structure he share plan draw population school.,2025-02-08,16
ca55daa2-f774-4205-a877-71b4275d51a3,112,9d4b3740-f87a-4a81-9b14-9b54e2566f69,4,Plan sure including should despite environment beat opportunity suggest north agree employee itself why water week our.,2025-01-14,17
8691dd42-69c4-45bf-81fa-edabbb2af554,278,2dd87e11-f7f0-4d2e-9812-38915e85ce7d,1,Agree adult catch government health ago economy also social analysis.,2025-02-12,10
7d0b50d9-6f66-47bb-8197-060e9a5d96ab,219,591dbe3d-6ddd-478d-8050-664fae4f6421,5,Dream trouble level sure to it expert also man media claim issue which eight born put only whether.,2025-05-09,18
9c9e160a-2e1a-4cee-a11f-cf266ebc4ca8,165,661cb27f-ff06-4c7f-88e8-0a8935b26713,5,Pull finally game force general total your threat receive value certainly news.,2025-01-25,12
ca405194-9f68-4b53-8c8d-91aa5d1e2366,138,6ed1f9a0-0124-414d-b4e3-bf4fcdbb29d6,1,Behavior personal without less sport power project near black rule.,2025-05-20,10
4b878251-567b-4928-a618-25aac7ada721,443,f7d7e0b9-5126-45e2-b298-a8c594616507,2,Project without close population many among agency probably recently.,2025-01-16,9
80e074f5-3d70-4d78-bc13-7919dcbd11e1,488,310c0a66-fe36-41e6-a19c-104e008302df,5,Do weight military instead drop again improve three agent none they goal.,2025-02-27,12
